Employee_ID,Attrition_rate
EID_22713,0.4249487219870275
EID_9658,0.18868095273471447
EID_22203,0.3689770537112929
EID_7652,0.2965180800774805
EID_6516,0.2061301139637594
EID_20283,0.2570119641674149
EID_21014,0.15672236839168224
EID_7693,0.14535397983337267
EID_13232,0.25127438631387955
EID_6515,0.1904240456050074
EID_13639,0.14321977994265345
EID_14669,0.2554669893514385
EID_16537,0.261982755280699
EID_5782,0.27429129141235065
EID_20157,0.21715973298706392
EID_1855,0.19178299766122944
EID_20748,0.16930715065605662
EID_23179,0.24973455624175153
EID_12838,0.2033737613544193
EID_21656,0.08906598285594314
EID_8844,0.22411824796491941
EID_1536,0.2836550779810958
EID_8822,0.26617180449136285
EID_11398,0.15362125207992167
EID_12965,0.2065278312151681
EID_5204,0.1079017168467291
EID_10030,0.29501802968887514
EID_13227,0.33741397971155385
EID_20607,0.19107833814929567
EID_14070,0.29139920926117
EID_3755,0.2748882998403832
EID_5459,0.2022593428617827
EID_7697,0.12156158342893202
EID_3935,0.15162331617436287
EID_19046,0.2610235374452414
EID_4040,0.2646608725437711
EID_17730,0.2043157737043592
EID_4995,0.2024432567235775
EID_24653,0.15030514314036733
EID_6978,0.20489299631347832
EID_13775,0.4269527290282936
EID_14608,0.19594962305604555
EID_3148,0.2524311274316913
EID_24868,0.17665834416611184
EID_5521,0.33742096268587524
EID_21155,0.13575403971106856
EID_3840,0.19329178000939876
EID_10646,0.12164645916174857
EID_6711,0.26455641603011437
EID_16247,0.1739438163853968
EID_16789,0.23533074121932068
EID_17967,0.30970738620256455
EID_13270,0.3722504445663244
EID_18462,0.11280285443566211
EID_22248,0.23404733160652566
EID_22693,0.1794467544994437
EID_25662,0.1946099203905768
EID_23346,0.24384010076396373
EID_4437,0.3619823338095824
EID_18108,0.19268288303742004
EID_7000,0.14635370603848624
EID_22770,0.33474828147272495
EID_7816,0.2536092546522982
EID_19615,0.17473312823399537
EID_23807,0.2619381728497855
EID_16764,0.15626676276641963
EID_16818,0.1957627442293724
EID_22712,0.13459135066527783
EID_18198,0.15298370499575153
EID_11154,0.20757596070114093
EID_22137,0.3341668344409996
EID_11655,0.23302712762923772
EID_18514,0.345500179116671
EID_24742,0.11498273199173312
EID_16019,0.23944691063311133
EID_7357,0.14414363888386664
EID_20106,0.22492850237727532
EID_13284,0.1601269602611232
EID_5451,0.1822691216712832
EID_19728,0.37182207907988524
EID_9178,0.3346018737231553
EID_13177,0.16987891410372713
EID_14300,0.11415049755142577
EID_4379,0.22372852265987445
EID_11285,0.17947815938935924
EID_14882,0.18068285649088023
EID_9969,0.13648807653543898
EID_23643,0.10122449286794284
EID_5935,0.28131910578835156
EID_7741,0.12023545336131274
EID_6176,0.18837290126931042
EID_5418,0.213661334825116
EID_20626,0.08397106787682754
EID_1725,0.22226797171672272
EID_14317,0.27334724252688886
EID_12120,0.16077848949152285
EID_20264,0.1850394208287881
EID_16691,0.2176752947790737
EID_1093,0.200701564069867
EID_2565,0.15694707684091322
EID_11463,0.31336205696649205
EID_12005,0.18864509625695405
EID_10326,0.276268995352682
EID_12582,0.19995837535556818
EID_18228,0.2784085054731356
EID_11670,0.16264077647165606
EID_24257,0.2442673960671664
EID_7024,0.25752458956154517
EID_10382,0.18594440829637912
EID_20210,0.119538821903666
EID_10294,0.16638483128414205
EID_19941,0.3747613485906058
EID_25572,0.22367333874686957
EID_7758,0.1518827728578615
EID_22718,0.16770289376532804
EID_1078,0.3525943837825606
EID_8227,0.21572181655179049
EID_1702,0.22719923195030228
EID_3532,0.22883399513108696
EID_22452,0.23483419937596
EID_3019,0.2155148738332222
EID_22264,0.29010564458995525
EID_9866,0.20413828795134148
EID_3520,0.31866825283091865
EID_21098,0.2022099792866362
EID_1186,0.18726089824449368
EID_12355,0.23732320375228178
EID_11020,0.19024435920668686
EID_19193,0.15269383989069427
EID_17787,0.28422590394891745
EID_13719,0.2427835848595491
EID_24449,0.2976917420353106
EID_12957,0.21972558600348152
EID_24794,0.33159260151899356
EID_2866,0.24436402173629898
EID_10563,0.20703614968219114
EID_22492,0.15772950825384496
EID_4106,0.25194225881177573
EID_6648,0.16729516773818584
EID_7209,0.150538586700433
EID_9692,0.14353552516760149
EID_22763,0.16600438516569221
EID_12622,0.3146124060277952
EID_9831,0.149414517020104
EID_5731,0.2501356498359263
EID_1114,0.23199117445620587
EID_25017,0.15029476090039226
EID_22956,0.16975465364850392
EID_5549,0.3582943197195548
EID_12022,0.20803933172766673
EID_8034,0.23048399356731863
EID_20644,0.22746866805637617
EID_20125,0.21216233324619102
EID_21957,0.18765331627296977
EID_8870,0.1446849399513068
EID_2305,0.1931093311739407
EID_3977,0.16931696193766238
EID_14845,0.2866368285379852
EID_6629,0.13848331049533752
EID_14577,0.2997105402203387
EID_24509,0.03739176669743599
EID_1530,0.15875844872105552
EID_21524,0.2450464862477684
EID_6647,0.20155767624618134
EID_19730,0.3147903121026346
EID_4424,0.1915233514889454
EID_7964,0.30925982088937604
EID_6289,0.2355650813448416
EID_2899,0.21910271828303732
EID_2827,0.29853987849522284
EID_8801,0.20622998601796336
EID_20454,0.19752481559002621
EID_18988,0.20402340664199808
EID_8405,0.23096736997271014
EID_14497,0.2457351866104995
EID_11769,0.1966938521922171
EID_21353,0.1508425506017645
EID_2221,0.2978452367638454
EID_13218,0.24071574716335928
EID_4576,0.19191697717997752
EID_17470,0.08899949716726145
EID_14817,0.2079887872244075
EID_21845,0.26537535247936883
EID_21987,0.2261250874315403
EID_1168,0.15667846876528918
EID_14315,0.15745075750537468
EID_5043,0.16830599490441342
EID_1967,0.1888158449999215
EID_22274,0.14996483343262962
EID_11091,0.2168944457781546
EID_18421,0.23075871339803658
EID_8316,0.25518827155834906
EID_13308,0.2239026596748851
EID_19481,0.2153157241845741
EID_17732,0.1958345927431456
EID_4504,0.18122830032257706
EID_2539,0.17314042073683653
EID_19529,0.3235767497131706
EID_2279,0.1624464793512566
EID_14508,0.2665964486125384
EID_12241,0.2789670136089102
EID_11530,0.2448363852780862
EID_20147,0.13370886461256007
EID_6154,0.22671085299740054
EID_3523,0.1641552111007373
EID_20453,0.13130068017294472
EID_11929,0.14641011311583077
EID_12840,0.30335148006987633
EID_22320,0.10477202239900663
EID_25383,0.15506723221281218
EID_10731,0.19948418761799774
EID_1017,0.2560167797661444
EID_1819,0.22597659912889878
EID_22849,0.16635994616519464
EID_12290,0.2334137935855558
EID_24238,0.17324928409871196
EID_3105,0.11539768406115099
EID_14242,0.15160868236683964
EID_16569,0.2942587332945197
EID_8094,0.18962937842498914
EID_7824,0.2486885776867483
EID_8978,0.1464790725053889
EID_25314,0.15689199849587798
EID_17810,0.28771028693701695
EID_14856,0.13116121460531704
EID_22144,0.21340972441603187
EID_23603,0.14152421347600627
EID_7211,0.2256438420491875
EID_19340,0.46098467218794115
EID_1501,0.16004999204333933
EID_22111,0.17598030189372604
EID_16147,0.20618093431237514
EID_16746,0.29293820411659993
EID_20777,0.20775572218812008
EID_12999,0.1417134782185169
EID_21663,0.18376087771193825
EID_11862,0.16489541433592175
EID_17683,0.275083870003204
EID_19819,0.20755044980676696
EID_21562,0.1784401283813353
EID_24390,0.19672973313323777
EID_14444,0.4072616751598856
EID_3261,0.1571563754528134
EID_7752,0.3554861607643997
EID_3033,0.2709581735235683
EID_22433,0.18514604774528498
EID_23727,0.22365012404227874
EID_24107,0.19573926765699853
EID_22537,0.253996285850892
EID_13645,0.3272914960734456
EID_16021,0.283720687154986
EID_19800,0.22886693250544726
EID_1944,0.1563577155221028
EID_15868,0.1572534282178932
EID_22188,0.2970079402537109
EID_13833,0.4526811250417594
EID_15028,0.22457438809398989
EID_24861,0.17914179781836145
EID_13033,0.2975539849922868
EID_23673,0.25554693507802134
EID_13265,0.28519325879568025
EID_23411,0.30435537705181276
EID_3761,0.22116877699301438
EID_7299,0.16235264933891155
EID_2379,0.2109888580128531
EID_18863,0.19155892611056474
EID_12115,0.2161449792842687
EID_23879,0.1513724957704081
EID_16586,0.3774215506907174
EID_19003,0.32552563283394276
EID_11107,0.1795702800381098
EID_15416,0.1809180210722239
EID_19214,0.2620151811272986
EID_5135,0.14932459344036544
EID_22464,0.24825281166948465
EID_22759,0.19363455987266964
EID_17833,0.25339295900170655
EID_17627,0.33073952168585186
EID_25730,0.1891750930733333
EID_2377,0.2044280772119763
EID_18085,0.21660415968984392
EID_14096,0.22548735911630474
EID_8384,0.1858674966097668
EID_17105,0.46649062925775603
EID_9929,0.17727412966898853
EID_13267,0.19964212983770524
EID_12954,0.21054794279427227
EID_4464,0.2546053966073004
EID_11464,0.32890011050668405
EID_19308,0.19136508457246995
EID_17530,0.16083884954943609
EID_6981,0.1506718660878217
EID_19951,0.20244484666630672
EID_1100,0.33218727174598894
EID_25145,0.17958094743050315
EID_15614,0.32062135964227667
EID_2961,0.191113871887158
EID_1742,0.2660968997450784
EID_2843,0.20268854297564823
EID_9549,0.34762263298669915
EID_12832,0.33614393375502594
EID_17914,0.23930673320121187
EID_22832,0.19918508312803432
EID_5755,0.22249009669378308
EID_1141,0.23997290039404742
EID_18954,0.2269636106049751
EID_10824,0.1589461071391138
EID_24478,0.17285979676552146
EID_14916,0.2575861652511674
EID_4434,0.1889370936312561
EID_23650,0.20517150575626478
EID_16556,0.17387979630847733
EID_24656,0.17017070397299122
EID_25965,0.1132018126890045
EID_9279,0.19885321033485048
EID_13802,0.09648078704207787
EID_2748,0.17854153514415147
EID_17346,0.19481232609874038
EID_1171,0.2782740225515777
EID_1552,0.20150946562828753
EID_20674,0.13071695643520134
EID_2475,0.12747708752827033
EID_16714,0.2668754112337064
EID_7857,0.21177537038545569
EID_3294,0.27363499846457023
EID_2280,0.13785084345797075
EID_10203,0.1785552557734553
EID_22162,0.21817857222823192
EID_10438,0.30948070552367524
EID_12898,0.23965382270644214
EID_4358,0.13925818040756052
EID_6179,0.25461074007303564
EID_2538,0.18195428274261563
EID_13110,0.15925631876665178
EID_24585,0.33232376207900355
EID_1006,0.15937963024925156
EID_11632,0.3655572498064612
EID_21011,0.28624715530794315
EID_16869,0.42034575024935605
EID_20564,0.3002968478524159
EID_12996,0.0853656747615103
EID_1503,0.23886235806163594
EID_23053,0.23776338103107736
EID_22049,0.22790152735807967
EID_4346,0.2706897853459676
EID_1887,0.29100008627638946
EID_16849,0.18996320324144705
EID_10071,0.20436224618344034
EID_11265,0.20894946866246786
EID_12611,0.18074584346325265
EID_25542,0.3471279211080276
EID_11582,0.139303670580496
EID_19550,0.20768711351898703
EID_5351,0.14496500318990993
EID_3305,0.279152417762785
EID_18846,0.23473258773161482
EID_24764,0.1817241212810361
EID_2191,0.22515450558483974
EID_6314,0.2120863876937149
EID_23248,0.17325420847043718
EID_4570,0.2996952363502021
EID_16415,0.22622303330230953
EID_11002,0.22713574571693812
EID_20498,0.2366895878720002
EID_7846,0.17430273266667679
EID_24121,0.260769957081591
EID_7536,0.1553292652779757
EID_2015,0.19508100831648345
EID_7934,0.2028286514954989
EID_20903,0.24828963585262412
EID_17535,0.17519112753619237
EID_19760,0.12287540213583452
EID_9550,0.29546312513539896
EID_4261,0.19656148142332586
EID_19753,0.4531849277450846
EID_13542,0.3607536027264486
EID_24283,0.15500112399055282
EID_7552,0.3376064631986575
EID_11577,0.1893923285371708
EID_3228,0.23417231458582416
EID_17468,0.2254585898668235
EID_15815,0.294721727500108
EID_2093,0.18462899704081928
EID_21356,0.2541429051731194
EID_12357,0.17537783376301194
EID_18495,0.13031383949637643
EID_5098,0.17765212324063673
EID_12691,0.2906039775709282
EID_13240,0.2996164875088757
EID_19312,0.1907530848942319
EID_23914,0.13896427241862727
EID_23175,0.25558525667549364
EID_15413,0.35397173102544355
EID_4785,0.18315796582550212
EID_25933,0.14504811361376546
EID_22705,0.269944196830178
EID_19350,0.2173712374083299
EID_5369,0.16513029743036856
EID_20410,0.0929365502848306
EID_12557,0.2625180562996974
EID_17678,0.2569120931332035
EID_1342,0.17268284707868053
EID_12230,0.23988706045731606
EID_1311,0.16563758801358655
EID_5860,0.166811816291459
EID_4259,0.1867093593589585
EID_10209,0.2099327987515994
EID_2300,0.18355566501582918
EID_17408,0.21263335030925762
EID_1883,0.24237955235195024
EID_1053,0.40937558579144606
EID_23610,0.22908144754067844
EID_17585,0.1967428084664643
EID_20845,0.10632389143584402
EID_15683,0.23407862691893033
EID_11976,0.19460087821963204
EID_12031,0.3129363416412943
EID_1711,0.13892900408541659
EID_6239,0.1260348154402548
EID_25541,0.20659027638865277
EID_9308,0.17906812960371044
EID_18168,0.15281535601034812
EID_11934,0.3864399157335419
EID_23472,0.20321551519832834
EID_13731,0.18702134975551918
EID_16069,0.2747964337810101
EID_18276,0.08212816454278069
EID_6141,0.3032016568935725
EID_12061,0.29996376805267244
EID_9450,0.11645137203249745
EID_21730,0.19866331969556913
EID_19506,0.21935797304290813
EID_13552,0.14933638906695468
EID_9945,0.21483386471077076
EID_1924,0.2779529426838439
EID_18453,0.17892199472618758
EID_20225,0.26289048880120497
EID_18673,0.30769842311512724
EID_11420,0.2381397092853908
EID_16631,0.20663999007855094
EID_21237,0.17460787448229054
EID_5015,0.18185209151843845
EID_20179,0.30907369563721165
EID_12073,0.33372912571994323
EID_21147,0.2409843568125828
EID_6714,0.16216425707953397
EID_10645,0.09461322156064526
EID_18298,0.18992045651302972
EID_2640,0.17165261258514433
EID_2318,0.24708229541168733
EID_25226,0.3307823906070011
EID_24099,0.17258759889440461
EID_20938,0.3115897623667127
EID_8377,0.19295608933545721
EID_7023,0.27931081997518303
EID_11385,0.2224533525629803
EID_15016,0.04989904354751175
EID_25794,0.20178559258820544
EID_11494,0.30137614500455007
EID_2425,0.10756767334104628
EID_9847,0.2980373467649437
EID_3570,0.20346932960333358
EID_13573,0.2501171821108607
EID_13780,0.03954779176711071
EID_2949,0.3429723622069165
EID_19834,0.1751380765108849
EID_11384,0.14915984163909124
EID_23154,0.36004220955911603
EID_9337,0.1429033763454766
EID_3653,0.1242484443838668
EID_4850,0.18144214896143024
EID_16283,0.16688845698171345
EID_5107,0.2570925751787693
EID_25156,0.1060357159364253
EID_17223,0.26052333667321315
EID_14695,0.24360812227135567
EID_11374,0.23501496651972775
EID_13672,0.366816031549005
EID_6782,0.23738130175637165
EID_25074,0.18082197005166578
EID_21087,0.18451186270551484
EID_13017,0.36113605627850526
EID_9947,0.35058631630540016
EID_21221,0.09636592131501477
EID_21639,0.28068300397763746
EID_20333,0.12326051279488352
EID_2970,0.18660799552540006
EID_7624,0.16376626125619698
EID_15741,0.2924186603045599
EID_1312,0.2856845646703263
EID_19575,0.20671835069686592
EID_21047,0.21222434285186403
EID_11969,0.18422153216552953
EID_19145,0.249981874802841
EID_9871,0.14273954443738796
EID_18852,0.43427959757072876
EID_22326,0.1288620588876977
EID_7259,0.19753557347376358
EID_21920,0.36277548444026103
EID_1436,0.23762395614623222
EID_8261,0.15964776537909467
EID_23228,0.16026255413569024
EID_5560,0.19804967367159013
EID_22357,0.2329912621035788
EID_4816,0.11275670174577056
EID_10000,0.263303461216976
EID_21908,0.18335584511418548
EID_14887,0.1902654779441885
EID_12497,0.1569032504515267
EID_17976,0.3232908879350568
EID_17356,0.20686244945406604
EID_9785,0.24279614277166894
EID_16224,0.32158486027207145
EID_6020,0.17613297029253133
EID_20716,0.14481511886715923
EID_11351,0.1882093979058358
EID_20899,0.2297671157348099
EID_9718,0.2309081454059669
EID_9479,0.12809896201549445
EID_25048,0.24424289079114012
EID_23370,0.11416891241868812
EID_13877,0.1620332160969586
EID_12256,0.06376016597037715
EID_1903,0.23773986842181333
EID_8830,0.2944291018193262
EID_22060,0.23739072787062823
EID_11996,0.14828360877784535
EID_21061,0.11839075423715575
EID_22604,0.18068739210565146
EID_18463,0.16513140708195254
EID_11375,0.24995878334615002
EID_2685,0.21861430207549518
EID_16010,0.3156665849434618
EID_19288,0.19043062373107744
EID_9283,0.26733798823438726
EID_11122,0.21568601439506385
EID_6638,0.1542803620888573
EID_25516,0.2427004917661254
EID_3864,0.3137762907629107
EID_9746,0.17099839723371207
EID_8407,0.11558075527043574
EID_25463,0.2690734995011009
EID_23098,0.24109805686909225
EID_22512,0.19705683190773557
EID_14671,0.14458340368106032
EID_18482,0.23468259196212357
EID_8151,0.1648373741282433
EID_16624,0.13799190715529144
EID_1983,0.3467025056343285
EID_18445,0.1461280401744738
EID_11891,0.3103790249648395
EID_2010,0.16670769055665507
EID_4592,0.1832193192708839
EID_17412,0.3185894811730661
EID_24883,0.30094064789325736
EID_15661,0.11383766981223777
EID_11757,0.2024613424330308
EID_2627,0.20860180275950246
EID_13243,0.1473568670246091
EID_10917,0.17567347427305033
EID_4360,0.14122930573144082
EID_13536,0.20129477053364336
EID_10695,0.3023895590662091
EID_5746,0.15308077058102443
EID_1178,0.23100294982475125
EID_15290,0.3167037358784937
EID_3540,0.24051342463697933
EID_14684,0.18944219386397063
EID_7914,0.25860952603865756
EID_23733,0.16179986356061896
EID_5907,0.20548884068570689
EID_5142,0.1472555145566662
EID_7686,0.19769625667213733
EID_12078,0.23566238154792468
EID_4880,0.1319139959293618
EID_1527,0.17302848201831597
EID_15919,0.23314120015716602
EID_1260,0.23045821456325294
EID_22377,0.28764273508962723
EID_7876,0.29177275796364893
EID_1213,0.18585079554159611
EID_4161,0.14959005284943394
EID_3214,0.16024733667635888
EID_17651,0.23057176656173614
EID_8005,0.13107365203297086
EID_12852,0.07613281206966355
EID_21465,0.23901365084710857
EID_7371,0.2584999411862086
EID_25687,0.2121782264651299
EID_17222,0.2629592393058706
EID_1994,0.22465155502361894
EID_22384,0.36030069013888044
EID_6344,0.2031247230050507
EID_18801,0.13771074926675483
EID_13688,0.14129899392628703
EID_13779,0.1626719624798414
EID_24969,0.202043893345763
EID_15311,0.33208402436515705
EID_9095,0.1844088699388218
EID_11675,0.1246952258896265
EID_14870,0.33661041981742873
EID_1575,0.1605854612862151
EID_7440,0.2192588798284277
EID_24259,0.22056978977802438
EID_19501,0.26782013098682456
EID_23743,0.21155524599533593
EID_13287,0.34391412466956645
EID_2226,0.26753783915364
EID_22439,0.16602513346590203
EID_16078,0.22255250947004676
EID_18895,0.17325456581753532
EID_19860,0.21537164989719212
EID_24564,0.18128916360275465
EID_21747,0.20335275456823798
EID_4659,0.2257522151901299
EID_24149,0.21896700852230852
EID_13300,0.20101699997902844
EID_16950,0.24287702249835244
EID_23778,0.23568395945065887
EID_14691,0.3233795947048008
EID_10789,0.21503843979141543
EID_5525,0.1968651496015485
EID_19424,0.29722393821425824
EID_6171,0.2113869158257785
EID_19569,0.1301586944773031
EID_4602,0.18937030648452652
EID_17919,0.3018676715617434
EID_4286,0.1164875545582622
EID_1973,0.22337138541374357
EID_25715,0.1748555714559934
EID_23385,0.22448739674769116
EID_13681,0.1743333714062541
EID_25410,0.25200576333876884
EID_18267,0.22721808663574533
EID_15252,0.22226631762447013
EID_23214,0.16346981078576092
EID_18551,0.19264058492934882
EID_2401,0.18003973779521953
EID_7609,0.27737493767282817
EID_21291,0.41853262403430297
EID_10126,0.25312251446589096
EID_19714,0.19976104706215944
EID_4911,0.21947758386852334
EID_12505,0.12217446306936408
EID_10377,0.26103007722254795
EID_3407,0.26170266665725894
EID_3386,0.21708370549756928
EID_7623,0.23745287194525674
EID_19517,0.1986345663530623
EID_21782,0.15381522645363965
EID_12361,0.07925394617208183
EID_21171,0.1457332804066748
EID_17836,0.1837837501429175
EID_20286,0.22065337677725724
EID_25798,0.21529420746532904
EID_15699,0.2832861488402636
EID_17006,0.1913975098539225
EID_22476,0.21839136880502064
EID_9406,0.12455297510074433
EID_13559,0.1773065982730381
EID_1340,0.18969411052517451
EID_17848,0.16279398989126442
EID_20358,0.18574656373586512
EID_14265,0.32192861135947964
EID_9820,0.3040386673519343
EID_13755,0.16921851315866468
EID_13293,0.11364767755473106
EID_25837,0.15361314391806266
EID_20466,0.15547164532754695
EID_11032,0.2743664574537445
EID_2399,0.17233331027923912
EID_23917,0.16978744808462592
EID_17011,0.201454326615146
EID_8967,0.19459578566330904
EID_24468,0.15464853092826028
EID_8435,0.29012137919789227
EID_17953,0.1520667909906707
EID_7140,0.4156628914422068
EID_24404,0.18678672514195108
EID_14380,0.19275941951732933
EID_1232,0.16025113258811335
EID_1573,0.23598244169510427
EID_3684,0.12623382641189668
EID_15824,0.38496189741503406
EID_9212,0.10177251306561688
EID_21121,0.3009241227036853
EID_6346,0.2981175931152603
EID_9525,0.10819330824574673
EID_9726,0.1910735265559531
EID_2526,0.23187313576357346
EID_4228,0.22574881900048357
EID_14595,0.20015589826211744
EID_15856,0.1564671760705883
EID_6768,0.22534783936777408
EID_23953,0.3473951356166081
EID_19059,0.2284779095216378
EID_5268,0.1911550557816801
EID_7619,0.07802281556908135
EID_23028,0.30535467904546076
EID_22104,0.3417277734478097
EID_10318,0.27392768963581504
EID_25369,0.23493228919258047
EID_16633,0.14103799393263852
EID_15848,0.1903959084186019
EID_2240,0.18078082941912185
EID_1059,0.1822895436693434
EID_9315,0.27604314089757825
EID_15388,0.23054978622205102
EID_9984,0.1556572212806446
EID_4296,0.24901049869171207
EID_10927,0.2505539030377565
EID_25054,0.23738209430370946
EID_1884,0.23080452001495555
EID_21960,0.21334517072818215
EID_5572,0.26080565455244736
EID_16872,0.26983834253293054
EID_24525,0.11227080254934164
EID_14237,0.13703442409997482
EID_7114,0.2733191726788803
EID_7448,0.14109432541549835
EID_17668,0.13377534894818088
EID_7674,0.1388561455448674
EID_5884,0.2489203590153242
EID_13942,0.1530473253575029
EID_13098,0.22260223337033716
EID_7695,0.3626210470942948
EID_5350,0.24710240360080188
EID_22853,0.208340512585811
EID_2385,0.222889543372924
EID_18006,0.21682342259973345
EID_12875,0.18064748289979107
EID_5478,0.20742313418213928
EID_18690,0.3169594199858604
EID_12545,0.19216167146931767
EID_13888,0.18672931540038623
EID_9732,0.20611044589367297
EID_18001,0.3399758285757884
EID_17479,0.25965780205661104
EID_23757,0.15679822965498388
EID_1303,0.2152505448936578
EID_5375,0.24863706046111403
EID_5869,0.20339496979446153
EID_8825,0.23448464711456052
EID_22567,0.14100926686669205
EID_16273,0.13500297086208043
EID_20618,0.28096412019641215
EID_3608,0.18072819671462642
EID_8806,0.16741427814282786
EID_23170,0.17513180489300603
EID_12243,0.16270234287982557
EID_20089,0.1772509882616004
EID_16852,0.20941615013086484
EID_18312,0.17222600982542072
EID_14010,0.14169273109539166
EID_14705,0.18401133176215664
EID_20956,0.13086097413424214
EID_18794,0.15450948636760212
EID_1629,0.2049091831680038
EID_25483,0.18802881116868697
EID_4542,0.18985445018642216
EID_10076,0.2616767737272502
EID_9469,0.18424087183565913
EID_25284,0.12494061295615766
EID_11972,0.1841810773729053
EID_1798,0.23706171342683696
EID_21903,0.13958459929658074
EID_20031,0.21488450110925317
EID_20365,0.14541991631726883
EID_9210,0.2016694838573432
EID_19750,0.29479559139540945
EID_4006,0.3114533420682834
EID_24922,0.1352571924728782
EID_4760,0.18687842779611077
EID_11035,0.0851493180480712
EID_21008,0.5215608201393434
EID_23731,0.2104980583114929
EID_21788,0.2209503446882498
EID_5428,0.20181999694840558
EID_14023,0.20012631897552194
EID_2937,0.22187414842526168
EID_16931,0.22620572334379627
EID_18299,0.28201117703722106
EID_6660,0.1570652448879428
EID_23187,0.16957093242386553
EID_14868,0.26229003197032136
EID_23247,0.10975288208178899
EID_15971,0.1215276935056173
EID_7852,0.23527018294229765
EID_7017,0.22426900307120054
EID_7494,0.35923868583849183
EID_18706,0.4162042194023202
EID_22784,0.3868981973827757
EID_10756,0.09288670412030614
EID_6854,0.22679416949201373
EID_12554,0.2463608747764086
EID_1162,0.22395923405822737
EID_19581,0.2457638853716683
EID_2169,0.14173300453625132
EID_25149,0.2197357665383454
EID_22575,0.31126565704042086
EID_2265,0.2969690828767165
EID_19668,0.1622173736686687
EID_19245,0.27240120942216534
EID_8194,0.2358625962498212
EID_8081,0.18354429266488384
EID_8670,0.17989349986255201
EID_7992,0.23498268571271685
EID_6596,0.1973445272790101
EID_3699,0.19419444237984484
EID_9698,0.17570408343332394
EID_1847,0.15230103247541765
EID_16179,0.20880412779486587
EID_23663,0.2386409929514804
EID_24287,0.11626616844964653
EID_3527,0.22681282235606948
EID_18652,0.1543171695122525
EID_24110,0.0735203429771602
EID_21419,0.19573450922262645
EID_12865,0.16336601463194989
EID_9237,0.2149052113541651
EID_20408,0.17431503603771803
EID_22934,0.13688199516279717
EID_6492,0.2396608362342126
EID_20285,0.1931054017809972
EID_1286,0.2724883362464618
EID_12542,0.36863158327665857
EID_5523,0.19191470490287468
EID_1979,0.18861157555046515
EID_23146,0.21346726279468506
EID_4773,0.1860718565760346
EID_8785,0.2543773787241707
EID_4463,0.2428181226062338
EID_24028,0.18223967781242195
EID_20920,0.26110878366851853
EID_21392,0.18607984995582375
EID_4079,0.12209227263233945
EID_5173,0.23186287947943937
EID_22915,0.218411804668233
EID_18347,0.23761167789860443
EID_7984,0.1707390858212673
EID_25148,0.30517040016310854
EID_4350,0.22527614533954743
EID_6909,0.16264949568278456
EID_10582,0.17776052310691462
EID_6248,0.21782555217023522
EID_10035,0.18795407630008978
EID_24603,0.3089021669313393
EID_1794,0.3341393829818501
EID_9407,0.31756220278279323
EID_2114,0.16449029944801882
EID_21125,0.29336856227444286
EID_15046,0.3205425531608536
EID_8058,0.19353059473586265
EID_1961,0.2407506584020409
EID_23324,0.18472757994024327
EID_21521,0.18708477359083678
EID_11043,0.22855184307124501
EID_6461,0.16787602031812532
EID_10398,0.199667092776672
EID_20635,0.32445075177628047
EID_22940,0.22706887050836105
EID_8582,0.2312009576327759
EID_12770,0.18127625749891368
EID_15982,0.24727117378618782
EID_19692,0.1824862227410617
EID_18304,0.26995177741880416
EID_13603,0.20079103524110473
EID_6145,0.34969828732482905
EID_16587,0.16384713034952383
EID_16835,0.23742693597016157
EID_8399,0.19706231506441135
EID_7012,0.20938315540329697
EID_20575,0.2840611982272879
EID_20747,0.383727287899503
EID_3907,0.19071646285558097
EID_22626,0.1790540154972802
EID_4442,0.2048276868797394
EID_18034,0.18092290729383295
EID_16055,0.24531867042152117
EID_21684,0.1643621111029998
EID_17499,0.18131282461434906
EID_1222,0.15609453560768533
EID_17204,0.17247641641487724
EID_22732,0.29042777453218016
EID_8539,0.20522534312162663
EID_23136,0.22906719722233684
EID_24470,0.22371474975620426
EID_17404,0.12268324821831456
EID_21498,0.1285596596629194
EID_19495,0.15955496169935623
EID_23966,0.11832636690845214
EID_1388,0.39353375542195657
EID_7374,0.15811543169253978
EID_25441,0.3240619614284917
EID_16616,0.17417054457839545
EID_7654,0.2349592579927669
EID_4217,0.24281375040006725
EID_9968,0.2160533283897539
EID_17830,0.11101333480874565
EID_12023,0.18844713423110285
EID_24002,0.23413995390952783
EID_11371,0.19948826387948168
EID_11096,0.25952977797997395
EID_24835,0.37087772802715
EID_17439,0.04071061967842053
EID_6587,0.2088980569815072
EID_21946,0.22867452662351795
EID_5431,0.18816912748343836
EID_4723,0.20561867679800763
EID_11535,0.20115884636258824
EID_2330,0.25314365466013294
EID_23531,0.22076103769983546
EID_8913,0.15210491018525468
EID_21273,0.24059361517800693
EID_11927,0.18346451963804475
EID_1385,0.16703509459596325
EID_15758,0.20146390220977128
EID_1023,0.2659011000651617
EID_8959,0.18469165852542033
EID_12911,0.08261375860320197
EID_15925,0.17738290058800094
EID_17769,0.21639560220960666
EID_19842,0.1715922514442005
EID_15875,0.30152449809543963
EID_21284,0.22550575393566527
EID_24825,0.24871791004036675
EID_23825,0.27185845388008034
EID_13001,0.17412492959374745
EID_25601,0.18116381592402533
EID_24670,0.16023473671904212
EID_24412,0.20686600104796035
EID_18712,0.2825296163269566
EID_21138,0.15280754590492
EID_19335,0.09142556294454623
EID_16753,0.1670854821770543
EID_24399,0.3088522890318945
EID_12567,0.1444993500059377
EID_22161,0.159463696335398
EID_12609,0.21107850215516086
EID_22249,0.14397339459711947
EID_5314,0.24367939135985447
EID_1897,0.2453009608566493
EID_22507,0.17483170957141858
EID_2878,0.19074911280526208
EID_10098,0.19077239586945213
EID_18435,0.28380642508798815
EID_8063,0.19816224904276963
EID_3512,0.18979925784055357
EID_24444,0.2337118401096063
EID_9813,0.21359377588427358
EID_25132,0.21920252873672896
EID_5613,0.18048472741962315
EID_14062,0.23539124669383643
EID_20073,0.22051036615518085
EID_12506,0.17727422832207393
EID_1092,0.30302352081112854
EID_15895,0.2601806303380798
EID_1039,0.15980481306112565
EID_22016,0.19266197269614202
EID_6764,0.23946945582857326
EID_17384,0.2924736345720176
EID_8705,0.16040396558947684
EID_14832,0.18130058978517832
EID_16473,0.1657174793842351
EID_11186,0.18020247902308234
EID_7476,0.17128390709846292
EID_19671,0.16825087758978813
EID_14001,0.14063849006672874
EID_10658,0.23550178703892277
EID_6668,0.14201382863945827
EID_13786,0.3339455448629406
EID_11224,0.22435033857034473
EID_13296,0.20893037441335777
EID_22145,0.17336226207072908
EID_6494,0.16001764211567804
EID_1649,0.22098315370789767
EID_20878,0.2828886607151934
EID_3790,0.17343927429619108
EID_9257,0.3076376081624768
EID_14917,0.0731098546111653
EID_22052,0.1870775390746489
EID_1198,0.2618152140556626
EID_8478,0.2062501768124504
EID_2071,0.27561069579886066
EID_1250,0.18929745738215273
EID_9000,0.24708953615689644
EID_17319,0.1132830849282706
EID_21794,0.29472641087246465
EID_23350,0.38595955030696166
EID_16278,0.10074730609941564
EID_3330,0.17115451790494812
EID_12584,0.16762064917147604
EID_9354,0.19492255198596095
EID_15007,0.32147884529084486
EID_11656,0.14790824990213683
EID_22526,0.059258981231867555
EID_11027,0.16473209585931164
EID_21588,0.23325489786548262
EID_13717,0.19973147891265042
EID_8073,0.2750168687095842
EID_15972,0.28806381930449315
EID_5730,0.23282692783723058
EID_23968,0.09464525635612733
EID_4299,0.31408085614965453
EID_6302,0.18822110621869154
EID_6974,0.230754387580408
EID_4829,0.20423932436203002
EID_21139,0.25397639363981367
EID_23456,0.2168424030110505
EID_20110,0.16193529491441103
EID_20342,0.17698722640677914
EID_15238,0.20986058575863922
EID_10349,0.24186259936048865
EID_10077,0.15446540594664399
EID_22330,0.2040611256193247
EID_4368,0.20807871252107607
EID_8859,0.18490207643778073
EID_24277,0.27102440652824605
EID_1061,0.24326502958082966
EID_5597,0.13119347234275755
EID_4820,0.3132636142860083
EID_5863,0.22140386718314195
EID_23680,0.12228415906405467
EID_5542,0.2839123788021712
EID_6203,0.24862503226303545
EID_5355,0.18673321377813526
EID_19669,0.3043042492727277
EID_21725,0.2906232406292958
EID_2138,0.20389930390913974
EID_24278,0.13322848032479756
EID_6591,0.2157417310476374
EID_21056,0.13283409479477262
EID_18759,0.19628249846493712
EID_12059,0.16098756221546776
EID_11077,0.16224123011834723
EID_17216,0.38433974204892357
EID_15655,0.286074190202577
EID_19017,0.17058924424613378
EID_17846,0.1660050252812159
EID_6418,0.21247260418298475
EID_25942,0.16236961805905414
EID_5420,0.2706710052808681
EID_11764,0.24149445601745115
EID_16483,0.2912828488206336
EID_1901,0.1937629881216877
EID_21480,0.2950975198316774
EID_8006,0.15761787592842527
EID_1282,0.24821132891235922
EID_6895,0.18627725814726012
EID_13677,0.18426357485353456
EID_6071,0.19092264556316393
EID_14425,0.13219302914928632
EID_22685,0.1281865791355567
EID_20203,0.16901215173243145
EID_19161,0.2388616113200154
EID_1947,0.19164377438047753
EID_16574,0.21661833859097454
EID_2561,0.2935359787772208
EID_20668,0.245333628318278
EID_7831,0.24171276449909598
EID_8769,0.17948010176443974
EID_25191,0.11138474881590121
EID_15590,0.19636232155344321
EID_12458,0.2998817590726197
EID_11406,0.1915907742218585
EID_17629,0.15154832138207291
EID_4632,0.19959794324955832
EID_18455,0.13238053782776926
EID_23077,0.1861014437634864
EID_25024,0.09988130289574976
EID_6269,0.24197856996902123
EID_12100,0.27866609867100023
EID_23190,0.1567523451492544
EID_9030,0.20611962067982517
EID_12359,0.19762535016926558
EID_12041,0.300178159946128
EID_2019,0.32401435572366344
EID_22974,0.2519523246226082
EID_10351,0.15512652093218346
EID_23630,0.2428772249697455
EID_7309,0.18932326536296337
EID_19821,0.352818032239603
EID_4033,0.25323874498530496
EID_3435,0.14768674112226415
EID_5759,0.24851095441579277
EID_12826,0.21488930288747862
EID_8148,0.1429271912792285
EID_16088,0.07070650314206457
EID_15783,0.1860450493123501
EID_19521,0.1927577529123357
EID_13016,0.1906496673952549
EID_13708,0.2815499570818557
EID_4237,0.17099160866219923
EID_3620,0.19522559175976856
EID_10042,0.11443528780958838
EID_8833,0.21234789256276576
EID_21028,0.1022078671709444
EID_3485,0.17225394629473068
EID_23372,0.22926278931093363
EID_19410,0.17477603270837
EID_6598,0.13565190337411454
EID_25371,0.07974242232397713
EID_19483,0.12961998028056035
EID_22826,0.15969758855012736
EID_23606,0.19633408972258834
EID_9346,0.29161241072944377
EID_1608,0.08090287166209423
EID_1603,0.1890577578672486
EID_23041,0.32781142058947954
EID_7801,0.11838931377495725
EID_22456,0.26745537664378183
EID_24428,0.21447173266356928
EID_10811,0.20438434750057152
EID_24566,0.2511756212781685
EID_2531,0.16809403399781983
EID_10878,0.13287004824506748
EID_19548,0.22004675615445005
EID_11988,0.17882073536670196
EID_11378,0.16736674445683702
EID_9896,0.2542628505742988
EID_17323,0.3339714675876152
EID_24976,0.3003876618200034
EID_11249,0.11225556104040942
EID_20395,0.24548327453029326
EID_18262,0.1835891656464469
EID_14670,0.133419719982682
EID_12880,0.05699342641110052
EID_1406,0.17866122796210387
EID_23014,0.16429359151983267
EID_5224,0.22848738508029695
EID_3232,0.3087213658006362
EID_22327,0.21581314321179174
EID_2285,0.19265800709111078
EID_20468,0.20740047987056331
EID_4443,0.2088150427615955
EID_15641,0.3121619811309073
EID_8106,0.24470009727719158
EID_13958,0.2953844570470061
EID_10214,0.26839202612127017
EID_17739,0.28580823837718056
EID_13347,0.15541833027871646
EID_23453,0.2595258411364244
EID_1477,0.1763604622851085
EID_20224,0.13191908574341565
EID_2362,0.2304290087624858
EID_21421,0.2341443348703588
EID_7860,0.27649835869438244
EID_10286,0.16337307608284005
EID_7184,0.24278570070624259
EID_21742,0.19572963818843306
EID_21610,0.29556374687769466
EID_19375,0.3324152330810391
EID_18564,0.38624945884235606
EID_19108,0.3160765453772124
EID_17928,0.176189614058813
EID_25613,0.19691275053504584
EID_23787,0.26193227765740695
EID_2392,0.1926591057072825
EID_7574,0.3188529423065729
EID_9810,0.27853048715960055
EID_14332,0.15252642792330987
EID_20937,0.2085337308612909
EID_7827,0.32134545242975565
EID_7457,0.13861084426601697
EID_11152,0.30355607249890065
EID_12917,0.18788878499008832
EID_18590,0.22131207977221867
EID_15327,0.25655940810471534
EID_11687,0.23857133640200456
EID_5179,0.1738148624293435
EID_5623,0.28584375936726075
EID_25331,0.19630734714565898
EID_24386,0.14725037242428393
EID_6507,0.17207682551863507
EID_7842,0.27909554466036085
EID_12018,0.13357261806767923
EID_6640,0.22526535296400252
EID_9872,0.20535666293547436
EID_2331,0.22444559803658778
EID_19685,0.11321445439172197
EID_25701,0.18991432580613102
EID_25681,0.2499348652940152
EID_20151,0.24984710949276573
EID_8980,0.2553935402965009
EID_12719,0.17083648475365928
EID_20075,0.17639092483563112
EID_14984,0.2711834361377088
EID_8177,0.2969283728195215
EID_1360,0.19002272193713596
EID_24812,0.07940853592804671
EID_8480,0.2295364177978823
EID_14567,0.1748905104340835
EID_16194,0.1808636599916578
EID_10020,0.2648429104530385
EID_7321,0.44662882278784066
EID_15387,0.25437616248040157
EID_19419,0.20523617299536967
EID_20496,0.26272500274331095
EID_1308,0.1040519359801322
EID_14770,0.24439516782988208
EID_21893,0.2588162780969295
EID_10990,0.311287467521202
EID_17521,0.3644751971345184
EID_15274,0.13266712347114656
EID_24001,0.25519782750499703
EID_4111,0.17547987965981068
EID_4284,0.18256492226488166
EID_19682,0.14968259423977145
EID_14871,0.25356543264913856
EID_18152,0.12123712350986994
EID_12520,0.15643503518089075
EID_4739,0.24922183888533886
EID_8424,0.1702616465846219
EID_23600,0.24853704388268985
EID_25891,0.2439547531589124
EID_11618,0.22485428766264626
EID_12674,0.2911288961221003
EID_5999,0.2622926908638913
EID_18063,0.19342742824992884
EID_14859,0.2087658796165581
EID_20353,0.329581058945595
EID_22962,0.2803958971136631
EID_19650,0.2302722225541755
EID_6108,0.12782345672049247
EID_19012,0.095377056068587
EID_22925,0.2496346575975396
EID_15619,0.1838592758910038
EID_19998,0.14605582867745773
EID_20052,0.21484699486686154
EID_25044,0.1849456207644517
EID_5422,0.21989546140531485
EID_15354,0.061857472179450534
EID_3804,0.2002366653614391
EID_23277,0.29073999043831306
EID_12336,0.23990324431219703
EID_24839,0.20399927228445525
EID_1651,0.3112710762092426
EID_24355,0.2953203162406175
EID_24276,0.20798397828752221
EID_10346,0.15383042265520633
EID_9579,0.24873755470225736
EID_23242,0.13315254097725002
EID_23541,0.18032514785713394
EID_14741,0.2559264642393022
EID_7783,0.13771885446716758
EID_12569,0.2422708903158389
EID_3834,0.23248133263481385
EID_6799,0.1903725771579489
EID_15609,0.09394528726272351
EID_5496,0.13312276492266092
EID_5080,0.18197891877722466
EID_14834,0.270417531806161
EID_18266,0.21688918903811338
EID_1182,0.2515266196353401
EID_6445,0.20505739281627633
EID_18656,0.2083586125299146
EID_24011,0.2588359245480842
EID_25093,0.2560328554553262
EID_11334,0.22073614086088025
EID_15785,0.170329206964001
EID_8060,0.2400748427102761
EID_4349,0.17514010451844186
EID_22525,0.21579353415134495
EID_1231,0.23227715830255774
EID_2127,0.14396006158247088
EID_4047,0.22682354026391446
EID_12989,0.1510676549829338
EID_17726,0.22446622802151223
EID_1602,0.19322998321962218
EID_5945,0.23729927307507392
EID_15166,0.25558876737057706
EID_25317,0.1854190352610337
EID_18848,0.13496213549219413
EID_14455,0.2130429184981385
EID_9724,0.3235737766975383
EID_22697,0.14987409934020743
EID_16505,0.2207376360567709
EID_11616,0.20251332570401898
EID_10352,0.14827398061410638
EID_24093,0.16594131964024114
EID_11826,0.14950874890046384
EID_24211,0.21244646734328523
EID_14709,0.33102275019767474
EID_18747,0.18137296916533902
EID_16077,0.22541576097164112
EID_15440,0.1040243964651502
EID_4935,0.24418944064267042
EID_13791,0.08627946036755853
EID_16876,0.14267188616816542
EID_1335,0.21582026992400044
EID_19086,0.1115198559326673
EID_12872,0.16534963239167144
EID_11623,0.07190142751317147
EID_7807,0.28650107951251347
EID_9605,0.21318327270225165
EID_12736,0.3021628290406164
EID_20565,0.15826337812757696
EID_17225,0.15189615620743271
EID_19974,0.15634416700600293
EID_16045,0.19503951999277794
EID_2082,0.19302072885648608
EID_22219,0.1988853801921835
EID_19439,0.23517698699534936
EID_2979,0.19961783201309702
EID_24414,0.15300398977815446
EID_15148,0.22806392461030156
EID_10690,0.1918560325696712
EID_16346,0.16111504472410038
EID_22752,0.12934162191800333
EID_21746,0.3488371571789964
EID_1705,0.18471732232933108
EID_7498,0.21257903842507547
EID_6874,0.2001476888708108
EID_4543,0.16961563002667907
EID_8931,0.20549401745231358
EID_16435,0.2476207342562852
EID_16767,0.27905972506712573
EID_3058,0.2341563721240339
EID_16381,0.22306081456510723
EID_17190,0.1472195389236109
EID_7079,0.2846203078470088
EID_10191,0.15870780254997177
EID_1378,0.2182941007450035
EID_20222,0.2944164760625168
EID_6156,0.21649988352803987
EID_5975,0.26007093742062265
EID_18682,0.24121071302722333
EID_8837,0.13859983852215924
EID_24686,0.24245864779070406
EID_9869,0.243397401133374
EID_14673,0.24637305705409718
EID_14443,0.23462705488116387
EID_21591,0.24275787162711499
EID_25240,0.18786910269400686
EID_18365,0.166227788702764
EID_9260,0.38053586507589393
EID_10696,0.3397841044759163
EID_18012,0.29625798280626126
EID_17421,0.156927143178171
EID_23615,0.23124454983133622
EID_14132,0.33980496470718746
EID_13168,0.2545890805411817
EID_16973,0.17580580821385627
EID_13426,0.16457253557959683
EID_1493,0.25346655229031145
EID_3994,0.26163468795042316
EID_10574,0.1640396384174378
EID_12394,0.15502711069502903
EID_4781,0.4385622622206218
EID_24911,0.23678412554658987
EID_3205,0.23994978456523208
EID_25568,0.06921038431126289
EID_4343,0.12999277256092445
EID_4330,0.22328755037939552
EID_12518,0.2701434770043382
EID_18426,0.14781366092760584
EID_3862,0.19229900785903614
EID_13478,0.11001832695579569
EID_5607,0.19669567827023451
EID_22353,0.2347871351685386
EID_18346,0.12048119653270832
EID_5978,0.17513635341756661
EID_3391,0.16293965150539777
EID_8525,0.18704220208909297
EID_5245,0.15516350499241743
EID_11791,0.13984902920622955
EID_22913,0.19409142474327593
EID_15587,0.250996617779881
EID_4851,0.2400550762834339
EID_3432,0.14398368561595484
EID_13090,0.2913781690688528
EID_15117,0.13781511093771961
EID_22004,0.2983574155038067
EID_16053,0.21406340836060592
EID_16458,0.13804336749655086
EID_8021,0.2094692834690917
EID_24385,0.18477843281805134
EID_7053,0.21107593577313347
EID_13544,0.09432291112023182
EID_9014,0.17366507220287475
EID_9246,0.23931433517144118
EID_15642,0.26454772801303805
EID_12295,0.2665974023741618
EID_7925,0.2686774139592028
EID_18473,0.1892843251814616
EID_19427,0.32365007786117983
EID_17027,0.311166242002923
EID_22093,0.19601381314897692
EID_25611,0.19698563345696526
EID_20490,0.1337643736345235
EID_4204,0.26243095376742276
EID_2604,0.22964413590078187
EID_16152,0.2768429493507801
EID_8563,0.17674653005430385
EID_18620,0.11464435534297295
EID_11012,0.1455593070955347
EID_19598,0.2569401999889003
EID_13159,0.1673068401456843
EID_13171,0.09563086797109985
EID_8374,0.18592813271083505
EID_9838,0.31398372724065965
EID_18489,0.18005154834260026
EID_17451,0.2841155041094
EID_7269,0.19194900969057363
EID_20548,0.3845439036465518
EID_9466,0.20415100596222818
EID_16085,0.08088837319468467
EID_24082,0.3267780950519559
EID_5078,0.17704656549241715
EID_23951,0.2130212105229906
EID_8327,0.3256792157892297
EID_5904,0.2507308481491104
EID_11085,0.2416242094492418
EID_21437,0.11280927754320265
EID_7471,0.127643978441632
EID_12046,0.2537553376852544
EID_18653,0.19545925151997345
EID_14175,0.2692519163774525
EID_5514,0.18930463337494643
EID_20148,0.25923422238191923
EID_14260,0.20285084418315752
EID_15574,0.28227618885823375
EID_7287,0.3164266806630146
EID_18889,0.2995587285855615
EID_13106,0.30025012664177153
EID_15448,0.18226717223813912
EID_25897,0.14639816813140666
EID_23758,0.15742852501397792
EID_23208,0.2245622816079381
EID_13646,0.09132451062384624
EID_5467,0.29787226144415174
EID_6022,0.29906576496206233
EID_10923,0.18354359836676892
EID_10408,0.22387430143114723
EID_4186,0.24819080519535322
EID_22022,0.2432408744839389
EID_16390,0.23306196433839516
EID_19493,0.20585575099710496
EID_12519,0.30193271751638695
EID_23549,0.4021707372178085
EID_17612,0.1696905751012866
EID_25007,0.22167681437213738
EID_1949,0.2527851517181725
EID_23313,0.22551772318003013
EID_22516,0.23070232638483262
EID_21836,0.18294583702917502
EID_7268,0.19502699672502177
EID_8202,0.20496081467832092
EID_6613,0.21973529803237893
EID_2596,0.34850233987177487
EID_19849,0.25712520805798467
EID_11546,0.23440356546662416
EID_3942,0.2582152681587038
EID_7899,0.22255506319857343
EID_4802,0.20086707850408714
EID_6725,0.27378764402732353
EID_3835,0.19775931798237875
EID_9511,0.19697306484914812
EID_5757,0.13991988428063423
EID_24838,0.1564597402873846
EID_15225,0.10852411757538272
EID_8238,0.26640332153724605
EID_2826,0.29502287735943966
EID_20774,0.25861947235806304
EID_19311,0.21248944088869914
EID_12339,0.2113383317209301
EID_1583,0.25260646769049333
EID_1033,0.20178442629183563
EID_10764,0.20425242813369557
EID_17203,0.28139980619125393
EID_1345,0.2552286223559922
EID_4951,0.1755011638472119
EID_16956,0.3345557519216769
EID_9203,0.3243946427445744
EID_7021,0.24303391514580547
EID_8707,0.3940224956731357
EID_5209,0.19584472812477394
EID_20428,0.2543229000948365
EID_10913,0.23970852273175633
EID_11507,0.21061022987781994
EID_3693,0.1545925285364567
EID_22857,0.36813892799308423
EID_18744,0.19442561727864055
EID_19600,0.1839855436355141
EID_21336,0.11126210072719347
EID_17676,0.1196645868035962
EID_1678,0.30422532699463617
EID_4889,0.11618815703193101
EID_9961,0.24157382826101292
EID_23386,0.2544922836403582
EID_19835,0.19513929714148684
EID_9519,0.1771374555423344
EID_5449,0.1361479725609293
EID_20640,0.23907891503915057
EID_16387,0.20020689543490378
EID_20293,0.26930378619702744
EID_2296,0.2867211784631107
EID_11827,0.17236689880700393
EID_21522,0.3338823555744766
EID_2767,0.21463786466928514
EID_2873,0.23887703014030345
EID_2603,0.23733632380342753
EID_2674,0.1658467414403139
EID_23682,0.16032721701446323
EID_13310,0.18202063233533441
EID_6523,0.14632754920086036
EID_13056,0.20404615531665252
EID_7244,0.19487676637663873
EID_1072,0.20919124114920948
EID_25833,0.15891061219335897
EID_11244,0.29102324477120045
EID_22918,0.24901156382070594
EID_16735,0.3440394706460058
EID_4201,0.24759121761451905
EID_5998,0.23226204962340308
EID_19254,0.2850379459477723
EID_16653,0.24762146488664016
EID_11729,0.11949943064052591
EID_19573,0.2819470933022104
EID_21463,0.26019923141952095
EID_5899,0.2587340255352025
EID_23613,0.2219413835313685
EID_8609,0.2918484987675394
EID_2660,0.21654124444814954
EID_1333,0.15168231680052363
EID_3212,0.2424748527141487
EID_7830,0.12258063750496094
EID_4372,0.16480147109651924
EID_15955,0.209185812779354
EID_22059,0.37413096039368193
EID_22804,0.18822531009841179
EID_4700,0.15765451930622096
EID_14401,0.2176491277102468
EID_19971,0.1924242450144411
EID_10684,0.17633401091050444
EID_21512,0.21054870257819439
EID_16722,0.2489198111539897
EID_16012,0.20354097320103512
EID_19093,0.19334555359692776
EID_25636,0.18248173909526005
EID_10567,0.18323886102436815
EID_11601,0.25265497400998116
EID_25697,0.19926818903282983
EID_22131,0.14375470495432421
EID_8511,0.15515497334231518
EID_18114,0.39085099243029464
EID_12784,0.18376421589508662
EID_12820,0.35247885425282804
EID_4512,0.17498196176072164
EID_5837,0.45193558092793
EID_12564,0.1162827734790311
EID_16737,0.11373160387943868
EID_25986,0.32533588365909644
EID_8729,0.2746884029998987
EID_4386,0.2199547423777026
EID_5223,0.21672229268649335
EID_1494,0.37429619083715143
EID_22699,0.25633362356422507
EID_1083,0.3103444460425834
EID_1329,0.18933360255372042
EID_3550,0.20146264326865507
EID_18845,0.24183400911920538
EID_17946,0.20160930707874156
EID_1712,0.1697099513027738
EID_12024,0.1984687346425758
EID_2974,0.197729204245143
EID_12806,0.2690922995404705
EID_10396,0.35468906959614954
EID_3998,0.18557211122544523
EID_22451,0.2957561290136423
EID_12242,0.2477092218824095
EID_18599,0.24783616311744827
EID_9423,0.1671017435404475
EID_25347,0.2503583417041002
EID_20183,0.20590582742428623
EID_18079,0.1983380232269959
EID_10059,0.22994299309568803
EID_1322,0.19171858193710326
EID_18109,0.15546846960965094
EID_7325,0.15156455976560665
EID_6000,0.21390251577452826
EID_10760,0.08343827484359011
EID_24380,0.2701154126101025
EID_7070,0.1649401528381637
EID_2796,0.22184567801775282
EID_18860,0.286014481355212
EID_13597,0.2874774720035271
EID_6858,0.20267099637429048
EID_14987,0.18631622674574605
EID_8902,0.2593770171103012
EID_9453,0.14641027774142637
EID_20605,0.23989587909064777
EID_16020,0.1182641478711031
EID_6335,0.20234854255525525
EID_1317,0.1593564131584801
EID_5575,0.2570354000024517
EID_17433,0.3858180618195686
EID_6238,0.2358240796498546
EID_10734,0.24115497242149667
EID_7661,0.24426388352205256
EID_9281,0.18939674695018055
EID_19259,0.2307281953193473
EID_9544,0.20406668986424892
EID_2572,0.18352050486923505
EID_12706,0.24975503439279176
EID_20500,0.13184879565696775
EID_19258,0.34616000879491876
EID_15915,0.20056886770915383
EID_25265,0.15155641314804977
EID_16567,0.2643996989242115
EID_19553,0.16628933069188642
EID_25403,0.16532328145486047
EID_10354,0.21063144672872602
EID_19522,0.23264224256027016
EID_20132,0.21333954042347278
EID_3363,0.27113784601127255
EID_15253,0.2693575427624252
EID_8368,0.2843021904766109
EID_3883,0.1087648465080813
EID_7323,0.14945696120054053
EID_16203,0.19602974623750236
EID_9080,0.13812954370701377
EID_12266,0.1524408789490739
EID_13777,0.20691866140950516
EID_24876,0.23558080062113052
EID_11961,0.2003589958994127
EID_25871,0.20341322119234656
EID_3563,0.19963126509050008
EID_3377,0.18896467224255054
EID_19924,0.2605576337211032
EID_4070,0.23343889887451547
EID_7727,0.18610060550177163
EID_2253,0.20279521185985305
EID_5056,0.2907254281666389
EID_16751,0.1766120309730709
EID_2105,0.20618591031561367
EID_14078,0.23060206504581077
EID_18779,0.16987315763006067
EID_2218,0.23527919730022298
EID_6130,0.16768711889275115
EID_21722,0.1743020705018124
EID_17748,0.029903517564060997
EID_21322,0.1432606334256309
EID_6016,0.1187187090089509
EID_20480,0.25143922586737527
EID_18843,0.15062787924272003
EID_7336,0.26815908761421337
EID_4455,0.12529455124289932
EID_15206,0.30819518228682163
EID_15582,0.2790130641090575
EID_22381,0.16262562515896595
EID_22606,0.2128386755029624
EID_12159,0.28917625610959163
EID_10027,0.20727437674819835
EID_4107,0.21481959016944388
EID_18932,0.16739319957986873
EID_1321,0.186255861810004
EID_7759,0.2012760866160149
EID_21961,0.21648602758047872
EID_15289,0.3287706354499568
EID_23069,0.18822779022955916
EID_17187,0.271553637925854
EID_25372,0.19727241126906417
EID_9787,0.14475211687835682
EID_9797,0.28138453954452214
EID_10831,0.20982542399575388
EID_24620,0.2434427346823327
EID_8715,0.29436422836683507
EID_13459,0.17722703470200363
EID_14031,0.24061656974409587
EID_14541,0.3183975287101156
EID_12395,0.24773058928729141
EID_7150,0.2230604884701391
EID_14422,0.2248596720090144
EID_19060,0.1538395428107187
EID_9338,0.18925109787674105
EID_21042,0.20156329249578053
EID_8011,0.15823455315930263
EID_8102,0.1858992778916672
EID_11068,0.24589248032771618
EID_15461,0.2732561486889924
EID_18509,0.3510041356169211
EID_5796,0.19074749501671753
EID_19905,0.19735892221723417
EID_21609,0.16106498900957902
EID_14873,0.31066292821544944
EID_8033,0.18826339320536217
EID_21354,0.4155192747707751
EID_16377,0.17812197205010324
EID_10566,0.3358258088635306
EID_4791,0.24570269683771384
EID_20944,0.3593292638589297
EID_24913,0.4519226426114944
EID_3868,0.2388696702130007
EID_10611,0.2394489966240116
EID_21702,0.48334070630530557
EID_9472,0.15910501327557397
EID_10746,0.16721389813754345
EID_17717,0.2547296734592931
EID_18535,0.13166749730749613
EID_23706,0.3436650769338404
EID_7039,0.15945066133459923
EID_23797,0.2606546632117777
EID_1574,0.4276917704800604
EID_5931,0.28485671327399353
EID_6468,0.2177460913146856
EID_15805,0.29728035306479406
EID_2988,0.23177295641736895
EID_21966,0.2494487611024038
EID_16571,0.14277426633673476
EID_10082,0.1608782285040537
EID_8359,0.3702591961270878
EID_3200,0.25095328530685396
EID_2206,0.17458042687875025
EID_14234,0.28305730203124546
EID_12498,0.14443556061013457
EID_12009,0.12867711509649363
EID_12486,0.30206205401966846
EID_2679,0.153917200174245
EID_25329,0.31056665524726496
EID_18268,0.2964682596560143
EID_18253,0.1641720048337338
EID_11915,0.30986090964590074
EID_2503,0.17181424812510046
EID_22110,0.30467904130474094
EID_9344,0.2711785921666849
EID_17568,0.2047219117645743
EID_1445,0.13368838393375612
EID_12971,0.1606041637031388
EID_14129,0.182586430345187
EID_22888,0.11199449656566653
EID_17510,0.14482244960548668
EID_11722,0.1491425474085852
EID_18542,0.08184906403451464
EID_13158,0.2640120576289843
EID_2810,0.16649635000046092
EID_16559,0.19059116133584877
EID_1124,0.2683712096218811
EID_2137,0.2106357407499721
EID_13145,0.2568595772225606
EID_14181,0.2332441256886735
EID_24695,0.29932865040688617
EID_21367,0.16092876218105512
EID_13213,0.2641615499674922
EID_15852,0.20150176112006474
EID_9531,0.3607146000616157
EID_6197,0.18972691146542653
EID_20012,0.22125333035902492
EID_10381,0.19690699142515591
EID_9136,0.15183257175679368
EID_12063,0.2730381534207561
EID_22318,0.22955392568687916
EID_24047,0.18096546543371678
EID_5834,0.1752680437749374
EID_4763,0.28222528649291184
EID_24096,0.2928357403306648
EID_13825,0.3235244586716679
EID_14326,0.2789439902746218
EID_10111,0.10934473346370027
EID_23362,0.2678353050005526
EID_8682,0.20631370390774073
EID_18727,0.2914453426153304
EID_20725,0.2152988596006213
EID_15976,0.3079933829899018
EID_17626,0.25094789798828104
EID_13302,0.2087087722487636
EID_11333,0.1602085969583874
EID_12305,0.13927803567516042
EID_4987,0.2809644364452446
EID_12132,0.21823520226464116
EID_14163,0.18818869423184126
EID_15666,0.11844813616032206
EID_19257,0.18940666488143584
EID_1591,0.19407816690535165
EID_5610,0.27548461795126866
EID_4835,0.1614665412566557
EID_5060,0.3290859541932364
EID_15897,0.21059943031316047
EID_9771,0.2653411282632213
EID_11486,0.35484808356270364
EID_14583,0.2548980900984031
EID_17832,0.19610958652097793
EID_6876,0.23356500292700852
EID_18560,0.2787002539842204
EID_1091,0.322697600158823
EID_3837,0.1676894850776989
EID_8508,0.1682762372836091
EID_23640,0.26964255673094706
EID_13280,0.23967725319365613
EID_3352,0.19739499625202797
EID_13404,0.15895122126884847
EID_23565,0.2620154865101595
EID_24526,0.26842262140343087
EID_9254,0.28233759813529513
EID_8916,0.17507736148931446
EID_15227,0.1876623543564928
EID_11672,0.25042150914607586
EID_8926,0.2091806447556581
EID_25125,0.2188231252093873
EID_3170,0.172300614311593
EID_24612,0.26230148602653264
EID_23932,0.41240064980800334
EID_11554,0.12748709233901234
EID_19854,0.26044322264687925
EID_16362,0.1999663009911206
EID_13195,0.23541811759031767
EID_25559,0.2533996726823231
EID_18526,0.31855578131292195
EID_23226,0.3399389212431962
EID_5873,0.16839882802408002
EID_11286,0.18029265903826228
EID_7573,0.0900836031786208
EID_11669,0.33169074823409816
EID_12639,0.21475856844168334
EID_12309,0.1767395667077906
EID_17566,0.29319461955053316
EID_3644,0.17087091436039106
EID_9921,0.1986031934223284
EID_14703,0.2020376625952482
EID_19366,0.19025372046638736
EID_12449,0.2102828547241829
EID_24591,0.22850694548789485
EID_4698,0.2582079296325752
EID_17657,0.2695671123252555
EID_24446,0.2974317496466372
EID_18528,0.27920416719887414
EID_8868,0.17535272370751895
EID_5820,0.14692877828967713
EID_24215,0.2453389267959981
EID_19176,0.27761887488111137
EID_6578,0.19114057421938252
EID_9672,0.16321769177062206
EID_10702,0.45501744004638256
EID_4741,0.23727889844794214
EID_24067,0.2717844647805713
EID_2416,0.22872622858639363
EID_12089,0.23887821398282105
EID_8392,0.2923732345700458
EID_16766,0.20485616329692968
EID_23137,0.24928223907008887
EID_24704,0.26343631973172743
EID_13184,0.19433178172521068
EID_21642,0.19563898461419746
EID_8050,0.16286864119840472
EID_20432,0.2811310661671946
EID_14456,0.14019256918696385
EID_7769,0.1708640120405423
EID_14077,0.2666763704588252
EID_17805,0.1673701276247123
EID_14927,0.3379820173834518
EID_7995,0.2629363806443826
EID_2297,0.2029358625451884
EID_7960,0.10248446070001181
EID_9481,0.2164100883077344
EID_2781,0.1880750031151381
EID_25571,0.2253135232313458
EID_12462,0.23239481831137992
EID_17761,0.26443635211046956
EID_22310,0.13510144024796236
EID_15161,0.28478207124824406
EID_3361,0.21571551965554264
EID_2166,0.15614551200011556
EID_1515,0.25073636748995354
EID_13787,0.2923952627090695
EID_23496,0.3309829167817897
EID_7820,0.3121222306962134
EID_14433,0.20081122272476454
EID_9405,0.25059354486603325
EID_4195,0.2680965592547125
EID_24190,0.14894397340787086
EID_20400,0.18531816780096655
EID_16111,0.12312830249348133
EID_5502,0.319456404502513
EID_17381,0.2542902480416114
EID_22435,0.1595691933756887
EID_3060,0.2133227202747188
EID_19197,0.20756723705067012
EID_13311,0.24658953693405838
EID_14282,0.21007533528246775
EID_5849,0.20348871927605372
EID_19845,0.13786037937110793
EID_6965,0.2080332552706112
EID_5048,0.12437058683577851
EID_13766,0.2210319063565906
EID_22269,0.23185228220345364
EID_4363,0.2793736399190164
EID_12215,0.17573488131701584
EID_14479,0.16039817642531168
EID_7348,0.1308282119608105
EID_25664,0.27468223597869496
EID_4940,0.21464112384498435
EID_6877,0.2239269502864476
EID_8337,0.2426518213700309
EID_1775,0.25164530228106385
EID_13938,0.14772556113050295
EID_12735,0.1522255919927889
EID_16138,0.15300290789251572
EID_18586,0.3734306993836146
EID_16650,0.1076121085614548
EID_18259,0.2500971513101557
EID_19144,0.2974253496010217
EID_4483,0.21535403362212185
EID_10929,0.16601243465099186
EID_19882,0.21307115138898636
EID_3779,0.2514095959837285
EID_18678,0.165374724326323
EID_7168,0.2932321739201614
EID_23279,0.17031850644072133
EID_17008,0.2611042356693556
EID_2795,0.29241107880399725
EID_1833,0.2259904853153538
EID_21026,0.15898903507264683
EID_20322,0.3101998458650922
EID_10026,0.19560256165404966
EID_7742,0.2733803787872229
EID_21792,0.2691765225953444
EID_14341,0.10265169340484022
EID_24634,0.1124826123784462
EID_3379,0.13126130249440834
EID_20627,0.21817666849429956
EID_8572,0.2097555337958745
EID_15104,0.17541556647065695
EID_12426,0.2467745414903478
EID_17588,0.4777393368038937
EID_20961,0.25895711754793077
EID_23260,0.14282707982152543
EID_7213,0.1707442578591371
EID_11851,0.2356391976616248
EID_5696,0.14445895162953895
EID_23011,0.13211349809238154
EID_2035,0.16960453674136627
EID_22461,0.33707606560747083
EID_23215,0.3048479685931655
EID_6913,0.17014422829538314
EID_5739,0.25236504159950957
EID_19814,0.3169127512540121
EID_20320,0.16508952710201857
EID_2043,0.25504927686837814
EID_21992,0.23118752197741568
EID_9324,0.18750183827389127
EID_3863,0.26465888163891493
EID_7513,0.22138745625247855
EID_11120,0.3574808673820012
EID_6548,0.25440486951269303
EID_23957,0.2193424324326723
EID_11408,0.13605651388756346
EID_24638,0.1663852030621704
EID_3908,0.19815151058634645
EID_17023,0.12763016354578066
EID_10902,0.24290543930532
EID_3543,0.18485216439069083
EID_3633,0.27024266608684033
EID_3394,0.29042910382954173
EID_8619,0.27067493795218384
EID_13424,0.4436644419934826
EID_15405,0.14151288176178134
EID_21727,0.25662375882584015
EID_18916,0.25053637160121706
EID_3335,0.06372884717240987
EID_2811,0.1974760392133574
EID_8620,0.19160013276245852
EID_3249,0.21737647261690352
EID_22140,0.19184981127683848
EID_18934,0.18487470394854544
EID_24271,0.24853181262039564
EID_2164,0.27256415227359615
EID_22961,0.14826868142169053
EID_25318,0.10860148531955556
EID_23064,0.2621916761227393
EID_1056,0.25692324972764496
EID_4389,0.21362909671592098
EID_6949,0.18887163031808155
EID_16133,0.29752681327585884
EID_8023,0.24757275956065256
EID_19426,0.15984622950439953
EID_12895,0.2541779872557448
EID_17667,0.22381833728940786
EID_14826,0.21272763036118486
EID_8807,0.13267751363277064
EID_13977,0.3186190842018697
EID_11167,0.20841723516707553
EID_22535,0.06184214724420552
EID_5357,0.18069750837276263
EID_1450,0.22130715284461225
EID_24647,0.33064623503545826
EID_1516,0.21060327872872533
EID_10122,0.1462905114280919
EID_2423,0.3189058512154034
EID_4276,0.15545876451478008
EID_10610,0.2383029454511782
EID_5840,0.3664634070029463
EID_19117,0.2315836659728952
EID_1753,0.3294468363444994
EID_11679,0.1677720214386915
EID_12425,0.2567432203335639
EID_21118,0.24958921488947183
EID_1348,0.18524937100744154
EID_3143,0.18130940546681426
EID_12153,0.23790495808938655
EID_22834,0.1694897051476391
EID_14978,0.29319809119618884
EID_23361,0.12089401724414517
EID_5207,0.09894082752233843
EID_8395,0.23179880429398111
EID_2440,0.1396700495208688
EID_14196,0.09465495046424141
EID_16684,0.35311443579517543
EID_22520,0.23787439260740095
EID_14689,0.2777502700224277
EID_22890,0.20863621150962386
EID_18695,0.1772293100971915
EID_1275,0.21158476834464351
EID_6033,0.1507105351973468
EID_25616,0.12012382628952352
EID_6190,0.3312204534220704
EID_2964,0.1479878333433966
EID_24869,0.154131078436029
EID_3319,0.23760440445842135
EID_15857,0.3143367846902506
EID_4615,0.17343852662618187
EID_23926,0.2017619036126158
EID_15506,0.19163598751093522
EID_4168,0.1956483137965123
EID_23593,0.22693707207415414
EID_3108,0.22320832326153084
EID_22846,0.1753246034252634
EID_12618,0.165994860059862
EID_20341,0.2359832404248085
EID_15441,0.29864494903438643
EID_20278,0.08100440312437307
EID_19511,0.20504016927914348
EID_7832,0.1435845317722442
EID_7775,0.15476989243168424
EID_9409,0.1819234650756616
EID_11483,0.19770508620516886
EID_6657,0.25185081263106274
EID_10338,0.2140611396343716
EID_7683,0.24795987021127527
EID_11854,0.2662622676203576
EID_17102,0.09619909102295218
EID_9882,0.2005633350475643
EID_19326,0.22559172669740402
EID_1670,0.35970843145110554
EID_17455,0.3140483953870581
EID_24867,0.1561408790049697
EID_22972,0.2936909533301834
EID_4679,0.18112396546779072
EID_7172,0.22465030968697364
EID_7401,0.21236400606230382
EID_13199,0.23907460658417873
EID_12244,0.211381114304167
EID_12771,0.24419823352292036
EID_7230,0.1960912197390984
EID_19736,0.3097229062848233
EID_2755,0.16142776299502912
EID_19126,0.20382400263077774
EID_20949,0.17260888106126845
EID_4573,0.19425268324563327
EID_23671,0.1851775706153628
EID_11580,0.17766608536183473
EID_15600,0.06440722726742247
EID_17577,0.1635128698256488
EID_6773,0.20583895231554583
EID_9565,0.2104519328146608
EID_13401,0.2782923169170627
EID_17438,0.19899874342242352
EID_7604,0.1567528290511622
EID_1215,0.1684036423022993
EID_24765,0.2885467375763351
EID_2084,0.20920359872933988
EID_17898,0.29091843102350123
EID_9752,0.2547290337318872
EID_19867,0.3875548683491766
EID_5430,0.18359082620771297
EID_22617,0.19120784922341158
EID_23590,0.23587776176051237
EID_11131,0.09439416163325307
EID_1623,0.19620958103381914
EID_25390,0.29502496332361106
EID_23316,0.15701746285078327
EID_11595,0.17419794323585025
EID_10827,0.2517749550412688
EID_14787,0.20977120916241626
EID_18290,0.30086848497788293
EID_17889,0.19307691456213483
EID_7936,0.24214291442851796
EID_12044,0.258054876664289
EID_8205,0.41605220816646016
EID_22950,0.24978069356728433
EID_4965,0.21793451835929065
EID_24073,0.37878979294031784
EID_4946,0.16816826330122087
EID_14618,0.10522371015107826
EID_17692,0.33850673167193357
EID_23220,0.1471627034621201
EID_24364,0.28883537198510584
EID_20216,0.28178434260652224
EID_24865,0.2241080871200435
EID_11009,0.22464006732330818
EID_6889,0.16469027084144552
EID_10375,0.27062002615542136
EID_11917,0.21405569842707792
EID_25323,0.33839952484459984
EID_21841,0.20101333901511115
EID_25278,0.12193016923110078
EID_17857,0.09708286028508772
EID_2991,0.18574820908515008
EID_23822,0.18877153490908388
EID_12098,0.1730231917766353
EID_14665,0.20401784529405734
EID_25373,0.18001888764027574
EID_22143,0.23301469087462262
EID_4000,0.18716092650725347
EID_2951,0.17736452360678628
EID_8610,0.18218186368355013
EID_6998,0.1592478413040857
EID_21972,0.227117269924586
EID_3582,0.2222498155189461
EID_18220,0.18851244769454356
EID_12381,0.18471350463653757
EID_15689,0.2163952062565798
EID_12239,0.1614947041958094
EID_3987,0.17118781967319713
EID_20164,0.24937173192653284
EID_1654,0.10429738272008218
EID_25583,0.11364233360570726
EID_22736,0.19758238550253956
EID_22169,0.26875448244293054
EID_9495,0.275976976701242
EID_2465,0.21953811835353682
EID_1659,0.20318349410857917
EID_4509,0.22235455799414347
EID_15264,0.3066259613309543
EID_9494,0.10557408694587717
EID_23657,0.2250994637649255
EID_10376,0.4391244161033111
EID_25277,0.21982301580840616
EID_15121,0.23739684338515854
EID_14760,0.17363590622839165
EID_9160,0.23195796894241522
EID_18574,0.10371032113766274
EID_2977,0.1781119584228047
EID_4745,0.218971402926081
EID_6762,0.14130617970644097
EID_2682,0.3104000714196277
EID_19172,0.22911656201564198
EID_1013,0.2830583716971966
EID_1242,0.32318291862522486
EID_10336,0.2161793629555922
EID_11247,0.18549949283538375
EID_4631,0.23404687915057792
EID_21660,0.14495561140948807
EID_6752,0.27943310317938447
EID_14409,0.08730108976461837
EID_21720,0.19664874894076237
EID_14495,0.18219466762637018
EID_15348,0.22452231374209294
EID_9610,0.18398193021799372
EID_10629,0.3449887564601119
EID_10182,0.32847526058209797
EID_10598,0.2299630037421344
EID_11065,0.27164839124132845
EID_16129,0.43532871468871615
EID_15572,0.20094793525062216
EID_21059,0.24048514408631477
EID_7812,0.14348422038366185
EID_15162,0.2365170348207351
EID_6911,0.21466446305925949
EID_17591,0.34006775805913964
EID_22638,0.1599962131954868
EID_3217,0.233669513228038
EID_10116,0.27540757331911414
EID_23199,0.25033085346004547
EID_18844,0.6106272039324359
EID_19931,0.14847924713561753
EID_22215,0.2109197353568451
EID_14623,0.16582378913554283
EID_7884,0.2889840472921833
EID_3197,0.16266854222938829
EID_11291,0.2217774735128716
EID_3320,0.27673990864582965
EID_12585,0.23616901858473827
EID_13592,0.10332814243317928
EID_11264,0.21871942205235753
EID_6997,0.17544900422452242
EID_2327,0.2342469589302867
EID_9340,0.16542124547555292
EID_14544,0.11584170732560048
EID_13055,0.1644038402514266
EID_14014,0.27448983794320153
EID_7429,0.2110213860971309
EID_19008,0.29303462428166926
EID_14283,0.11998311468975566
EID_10882,0.2764679640329631
EID_5194,0.07417383181109735
EID_23844,0.2941326752310812
EID_22628,0.31830874255963815
EID_10033,0.16113745022667017
EID_13281,0.34143769154194087
EID_23871,0.15783226940613937
EID_3621,0.23050041866960325
EID_12968,0.2920997301213177
EID_5819,0.29431217697033846
EID_6694,0.10182684333137819
EID_17656,0.18597290629552235
EID_8888,0.15813728496641002
EID_14552,0.10699765632184038
EID_15342,0.6540465549761559
EID_7728,0.17395682353773598
EID_10331,0.19950153200536316
EID_5479,0.15349199891231483
EID_25526,0.18512323428871696
EID_12348,0.2312858993876742
EID_6196,0.16820148898828957
EID_3619,0.23882886058668906
EID_11280,0.21779303149487195
EID_18119,0.19348504236884095
EID_18058,0.20786673111707674
EID_20911,0.2005037983351869
EID_19840,0.2474464366594634
EID_11808,0.13670070541978915
EID_16265,0.2467123985412989
EID_25976,0.14837428354182097
EID_3872,0.19429134625717676
EID_23029,0.23809523186223439
EID_11745,0.10586059660963375
EID_9556,0.24638806709691663
EID_19748,0.1914254812761141
EID_23253,0.258312689780851
EID_16237,0.1788147421300253
EID_11694,0.1255644184471001
EID_12824,0.1607514867930823
EID_12797,0.23566705991760492
EID_3524,0.28454315296702276
EID_10559,0.24329271293076218
EID_22844,0.21705313939078175
EID_22281,0.3846530479932414
EID_9535,0.21224615773230687
EID_1642,0.14775198063295997
EID_17630,0.2200049226703697
EID_15083,0.22730585230388706
EID_2690,0.2334354372691652
EID_12199,0.13871544774662423
EID_3449,0.17235577047542347
EID_12097,0.1820744500731299
EID_23272,0.14466110029485366
EID_6890,0.25005804795629166
EID_2438,0.21896266116384602
EID_6508,0.23336970238115246
EID_10772,0.1747133757556646
EID_6076,0.2558937374359611
EID_3045,0.22095865952432905
EID_24779,0.09233242298182233
EID_12553,0.31787002380063034
EID_24984,0.19701703038038082
EID_17157,0.20748243025922947
EID_11823,0.1559599934891981
EID_4765,0.1962975349549482
EID_16143,0.11333064936249296
EID_19658,0.1569704228892522
EID_12035,0.1774888434511225
EID_3481,0.14403155944101795
EID_12776,0.2083000228634625
EID_21160,0.321898314455548
EID_11127,0.22275075816706902
EID_11784,0.31032105719629366
EID_17458,0.09953011987491953
EID_15653,0.24416520991548568
EID_25399,0.2377662964067062
EID_8799,0.13547733369972476
EID_14529,0.2209136555202506
EID_19407,0.22217821107678107
EID_8224,0.2415434120781484
EID_21582,0.1265352460352275
EID_14807,0.24478737820845953
EID_17338,0.20520898650198258
EID_10635,0.16056004342831323
EID_16300,0.2107379197079793
EID_5155,0.24987400834302448
EID_11136,0.26270259499493737
EID_7716,0.22063986581674203
EID_13041,0.298451575600643
EID_1572,0.13547940269083397
EID_2382,0.2579344953858926
EID_4568,0.17582379368777556
EID_25153,0.1629048341364216
EID_20523,0.12970313726055768
EID_2332,0.18571238314000335
EID_6143,0.1765732637000076
EID_19549,0.27072164599307363
EID_24568,0.33437736990315536
EID_23211,0.1881642278706634
EID_2342,0.25141183136138406
EID_2922,0.1770039480834038
EID_6026,0.24893408730217909
EID_10107,0.18282421887155512
EID_14855,0.33958120400242503
EID_18780,0.09857743436288924
EID_10578,0.2256741801684643
EID_3842,0.2687838296365912
EID_10225,0.21108082706379463
EID_15275,0.2482798666804341
EID_10740,0.10368987552039687
EID_9483,0.2366745648896267
EID_11262,0.11475861148711095
EID_24388,0.19606921526176965
EID_19271,0.4208042141333519
EID_15363,0.2933313483603272
EID_16555,0.46693617547113464
EID_7387,0.1475466832995616
EID_2692,0.4135353720730468
EID_19754,0.21404025297405957
EID_10859,0.1945141505655956
EID_16618,0.1194665414966036
EID_1697,0.16437836062539843
EID_3764,0.2540395405902559
EID_4502,0.2634344877926862
EID_19240,0.3599975555385552
EID_22590,0.2625234801182391
EID_14056,0.19295268329295895
EID_20697,0.319849674509559
EID_2505,0.2744177651231823
EID_23288,0.227413607259835
EID_23373,0.3179188404875227
EID_18878,0.17589083799942443
EID_11857,0.09799466728373589
EID_25945,0.14591164925506084
EID_18242,0.2114248861648919
EID_22823,0.19444296462212662
EID_5625,0.19239292410642303
EID_6702,0.2073479094509389
EID_24252,0.16890169791163476
EID_12704,0.27847377341741925
EID_1770,0.17137585497218327
EID_10159,0.22585063529364252
EID_3702,0.20154840255655482
EID_2688,0.26808461749052725
EID_19784,0.1736474769658367
EID_3636,0.21081562821778244
EID_14537,0.224711784654241
EID_4878,0.1866474203799894
EID_10260,0.2475681780792238
EID_5154,0.18303678605516097
EID_21206,0.19459074708867172
EID_15511,0.19403188073639474
EID_8010,0.16053245843376696
EID_6249,0.20934862701717655
EID_7392,0.1350091951606426
EID_18362,0.15691870781658349
EID_14147,0.22866660557134394
EID_24826,0.12604693973047756
EID_10862,0.16819433692211858
EID_3088,0.1322687222777234
EID_2871,0.23075860782936744
EID_22681,0.20021164399055935
EID_3720,0.17215624459935983
EID_21540,0.17343040022381323
EID_3516,0.28170282430423255
EID_10969,0.20643476557622484
EID_11396,0.18968568111229211
EID_11407,0.31990374010936895
EID_19264,0.1466940866276533
EID_12406,0.27441505888052026
EID_19440,0.1794424715696633
EID_22729,0.15615405295160928
EID_21143,0.1784799419186114
EID_19936,0.2794952215708722
EID_13997,0.18402406336463778
EID_15533,0.15891628979821418
EID_22065,0.17086615905386104
EID_6600,0.23561526125645654
EID_15316,0.3811745524169851
EID_10721,0.21556344294522986
EID_20630,0.2891095150853429
EID_17720,0.1964354381058479
EID_7692,0.3281977113733334
EID_25004,0.22128652292857826
EID_1804,0.2905433020156812
EID_25207,0.18718087458332697
EID_7638,0.11287809025888196
EID_8179,0.2073474235013854
EID_23406,0.16386869619342942
EID_19285,0.2438084404713173
EID_15333,0.14687148685147697
EID_9685,0.24783671519690745
EID_15725,0.11980259355055824
EID_8302,0.17984106137810182
EID_10726,0.2047588812191505
EID_6168,0.28467273214431554
EID_16711,0.1829318745035428
EID_24881,0.17633927149470455
EID_15281,0.3332095313518961
EID_17428,0.19085245008838633
EID_2814,0.3237347410237714
EID_8717,0.1843166485243311
EID_4395,0.18382967954948265
EID_22871,0.1846705069628976
EID_22152,0.12636262934539183
EID_23649,0.23882378738069693
EID_24748,0.2749336518064694
EID_25426,0.2518619495486887
EID_13986,0.21625457268424172
EID_19704,0.17561774853746234
EID_15554,0.33550060676608
EID_23100,0.20064743924463058
EID_25408,0.1772722435216953
EID_15870,0.23775596621769723
EID_4048,0.16060578585766688
EID_12712,0.24907850285552469
EID_1937,0.19317756051494647
EID_14246,0.21335626966498628
EID_2569,0.15718497346092625
EID_6228,0.26063110935549944
EID_21309,0.20480402242740772
EID_16971,0.18953406269027046
EID_25273,0.32359351968237693
EID_8968,0.18933550263317958
EID_21475,0.14172623928167521
EID_1982,0.17395284360083207
EID_23627,0.34646745853475547
EID_14209,0.23496144176474407
EID_22365,0.25120534337559236
EID_21031,0.26264096907942436
EID_16883,0.3801352783759493
EID_15734,0.1811014806372512
EID_20840,0.25353502628488656
EID_20792,0.2014807552384803
EID_2652,0.23717637337218692
EID_3079,0.260553300966426
EID_1425,0.2259728688409724
EID_17271,0.27485334139530826
EID_22724,0.42221356160357837
EID_23964,0.10570724218629476
EID_9333,0.21711996465627056
EID_12374,0.25715809950215585
EID_25107,0.24088304700019034
EID_22869,0.23859107812390462
EID_18753,0.20571627828514827
EID_16805,0.36603241008998016
EID_19994,0.18772258526244961
EID_3004,0.2685269181504504
EID_12616,0.2208953546389026
EID_6090,0.12227278179898288
EID_3303,0.33728817063281713
EID_9435,0.3988560787048266
EID_1838,0.21042137004376782
EID_15681,0.2923483580696604
EID_17496,0.24810820503107844
EID_8456,0.13811252057883652
EID_23174,0.27654727601688595
EID_8285,0.1750225920306031
EID_6547,0.21085552696277685
EID_23648,0.1943395485277194
EID_7958,0.19621626089577693
EID_19299,0.32202256609412216
EID_8699,0.22333353223865382
EID_14528,0.2578124548292803
EID_23167,0.21046809698017166
EID_25289,0.16260204742168202
EID_12802,0.31543042686406997
EID_15986,0.12825965822985913
EID_3609,0.1927604447851343
EID_2045,0.14797439713997115
EID_1788,0.12035278941372714
EID_22630,0.19732683467519882
EID_10542,0.20103244195571912
EID_13101,0.27698052135416845
EID_5159,0.26240474795476554
EID_18490,0.1623385547644425
EID_25693,0.2367564410891585
EID_20514,0.14028600908857036
EID_3713,0.301148025071506
EID_11193,0.29969870458007486
EID_6052,0.19601967809932483
EID_6986,0.19608266570100663
EID_9104,0.15119250471561171
EID_23058,0.23998048564533586
EID_3156,0.1957861901180725
EID_17660,0.2224731292158253
EID_17514,0.16192001124374122
EID_15370,0.2445800139721281
EID_12207,0.1470985133957113
EID_7351,0.17556089339860825
EID_24727,0.28352194042172063
EID_6356,0.1933738362849702
EID_15421,0.13691413176408312
EID_11772,0.15486667921686315
EID_14071,0.10083063796563096
EID_16359,0.2361558902012687
EID_16919,0.19909692405718454
EID_21496,0.3187070361828226
EID_10564,0.1417965293448205
EID_3773,0.18715913262971803
EID_9484,0.2078496059552855
EID_13601,0.14488070429893107
EID_13843,0.24648921128875123
EID_8774,0.34742698375476
EID_7542,0.24439316300466504
EID_3388,0.21781853038834156
EID_17949,0.18687007594821523
EID_1815,0.20288519990949094
EID_10479,0.28025132631466937
EID_10722,0.17247476650682605
EID_3427,0.17864020303419978
EID_18205,0.12214795537074008
EID_21650,0.22421898271059956
EID_23124,0.3197797522185604
EID_4294,0.27803585434315803
EID_13366,0.17853358982533943
EID_13957,0.306422410513794
EID_3578,0.2776666924419626
EID_24105,0.22983408353480983
EID_13186,0.13537862314369278
EID_24214,0.1710060469974775
EID_17251,0.30619908130427365
EID_23225,0.19605749058282607
EID_2152,0.27682072772240623
EID_10625,0.14994767994863276
EID_2044,0.27927918322478423
EID_7201,0.3057156310158444
EID_2405,0.174985484946733
EID_22716,0.21647748551027973
EID_22728,0.18073511515015883
EID_21251,0.23246953100344042
EID_6915,0.15865050467460928
EID_14744,0.18813305330751812
EID_15814,0.14166070415077098
EID_6659,0.2322857096616099
EID_10991,0.28245589115199093
EID_6500,0.2364641750398525
EID_19121,0.24737756548917092
EID_6278,0.2042735376099664
EID_13236,0.2115950568285999
EID_5382,0.2643817129599286
EID_6871,0.16381684180759798
EID_5012,0.27567000995468993
EID_1268,0.2981963214726046
EID_6588,0.12322956849027525
EID_22163,0.18054429508435926
EID_11121,0.15430335938295608
EID_22615,0.16639556682248988
EID_7838,0.21089734145367142
EID_3344,0.22741461532248333
EID_25292,0.28494555963006196
EID_10730,0.1957636217134208
EID_10317,0.14812891511961918
EID_13443,0.2243518723688084
EID_10988,0.17165813350207051
EID_23091,0.25082235558557564
EID_1839,0.14789854819639786
EID_13892,0.1550413181822462
EID_1496,0.18484245427254406
EID_15045,0.1567216661429265
EID_3744,0.17918472163061802
EID_13010,0.1671161766851032
EID_9716,0.16511214099787674
EID_2993,0.14992377607164545
EID_23435,0.11166051511509834
EID_8587,0.1840002750697054
EID_22132,0.2504935999427258
EID_21413,0.2255919346553745
EID_11881,0.16074651705892157
EID_19850,0.32344469368316175
EID_18460,0.3146596462442652
EID_17983,0.0829805753614311
EID_14888,0.18648206864067643
EID_14002,0.23205421585844827
EID_13524,0.08470793140387446
EID_4049,0.15924823665229904
EID_6535,0.14918427770783238
EID_10557,0.18665082635369543
EID_1313,0.14924710080155829
EID_12424,0.10027481525586189
EID_8210,0.2629541648846171
EID_22378,0.27778864686588745
EID_19644,0.17446322739155432
EID_8790,0.2481372980519132
EID_5778,0.13884218346174465
EID_23887,0.3374689450142908
EID_16103,0.1184521549919759
EID_20604,0.22284078591449094
EID_17378,0.2281230993454667
EID_5566,0.2269884614192002
EID_24264,0.15433764247236856
EID_7814,0.21932586835706583
EID_1968,0.13978017970550136
EID_10282,0.08416823489398519
EID_13648,0.20377798147092055
EID_22376,0.45761951298964226
EID_3690,0.15107848979465668
EID_17871,0.28658645362657353
EID_19167,0.19819964343602828
EID_5366,0.15320603481096734
EID_16996,0.16151765180667096
EID_1953,0.20253685300463609
EID_8760,0.17431612769137464
EID_20448,0.17095725036736947
EID_15787,0.25575652794123654
EID_18982,0.21134787686904893
EID_4388,0.13772067646589242
EID_22325,0.1411754806358382
EID_10189,0.15548380315228807
EID_21162,0.16909120759529148
EID_1032,0.2825045343489804
EID_12045,0.34319935678539615
EID_18324,0.1222738764540586
EID_15085,0.24342156956134522
EID_21927,0.29230604586063424
EID_13325,0.1538715317024314
EID_17801,0.24096502015810953
EID_7678,0.16617560764917985
EID_17469,0.20991033134574932
EID_14318,0.2371038191838672
EID_16439,0.14581584871823766
EID_2307,0.2417789990134384
EID_20011,0.2734613792495993
EID_19381,0.3127185840444429
EID_14043,0.16680705939253626
EID_14774,0.11956822249295454
EID_22982,0.17489253199090526
EID_19092,0.10041017179125464
EID_13137,0.30162890105211904
EID_5738,0.2146445914535655
EID_19661,0.16028529696442056
EID_22570,0.24883412927053544
EID_16393,0.3415163991966312
EID_4256,0.23581749419803516
EID_17873,0.1398244413731021
EID_13832,0.2259031638865308
EID_17617,0.27464914920670436
EID_3106,0.16341038136073444
EID_6567,0.2669306306812706
EID_4727,0.19523927860486054
EID_14518,0.12427448209923105
EID_1070,0.24003604575238024
EID_19385,0.3255272787761262
EID_20032,0.2171160886640815
EID_11714,0.13962103481491162
EID_23636,0.17869787175895954
EID_1985,0.18945883180769893
EID_5627,0.15876033834533781
EID_15171,0.21852707708216473
EID_8811,0.21752458513285697
EID_2163,0.13203298066886984
EID_8459,0.19644231402244183
EID_18138,0.1407162888353519
EID_17518,0.22351085930768777
EID_17432,0.14437131061875075
EID_25686,0.23738555295926075
EID_2470,0.25375999094051505
EID_16311,0.24250437073286515
EID_6903,0.2775626287202491
EID_11990,0.2975955992933943
EID_23460,0.19593296375877975
EID_25924,0.24858511252369922
EID_13985,0.15841325136806983
EID_5455,0.22964678100478503
EID_13427,0.17781588573816523
EID_24855,0.35459671644821145
EID_15532,0.2123602769098117
EID_8953,0.23844091051730235
EID_22683,0.1937010035225955
EID_22493,0.27772684121758284
EID_1451,0.379744232245579
EID_20796,0.16324611118267232
EID_17281,0.1803032151353901
EID_7767,0.17633146887485232
EID_20838,0.2591967633075697
EID_17235,0.2106464397850236
EID_21615,0.2372679335088887
EID_6972,0.18434194068869342
EID_13930,0.1334829950659247
EID_4188,0.3227698272605137
EID_11277,0.18850361742612323
EID_18053,0.15702970236101968
EID_11288,0.2689336047352306
EID_1148,0.29920286671334095
EID_19216,0.15039400352765303
EID_7660,0.23617830636687037
EID_22805,0.1974725338436385
EID_11931,0.20679221432838907
EID_16921,0.14758536892240856
EID_4993,0.1898306394744638
EID_18070,0.1738160850717218
EID_15648,0.22890560183534744
EID_11404,0.1420487687227899
EID_14248,0.3158902999753005
EID_15424,0.28878585374783067
EID_8039,0.24451772348660883
EID_7094,0.1808061567040626
EID_13161,0.17827677449567222
EID_9293,0.15469361400632642
EID_4351,0.11809675597224276
EID_17259,0.22849205177347176
EID_2681,0.18451074191131042
EID_22123,0.13921157550055605
EID_8528,0.28526445168029335
EID_11798,0.11668611932528354
EID_20265,0.1963569691990918
EID_21396,0.29473539258628645
EID_12220,0.19959016197136822
EID_25722,0.30593208012494666
EID_21719,0.2085047801917161
EID_3506,0.17365815505834267
EID_2139,0.21161545048490518
EID_6562,0.11608680875902287
EID_4353,0.28254320232598645
EID_24392,0.304491545112699
EID_11238,0.14935861768262962
EID_20617,0.21357162972952493
EID_21473,0.2657858508381224
EID_16837,0.14418395790214908
EID_1800,0.28710245910717097
EID_25849,0.15985172013333634
EID_9395,0.27290092709033986
EID_2415,0.10155580712840057
EID_9286,0.14813978459138463
EID_5081,0.16052651317662917
EID_22546,0.04408162206027816
EID_11932,0.2035872819024107
EID_16292,0.1426791376032646
EID_17882,0.29005910865935397
EID_20889,0.28867859545081886
EID_10031,0.15664495057426905
EID_21576,0.15613370031928211
EID_8256,0.16910230486898176
EID_2614,0.20997496614042088
EID_2098,0.18800449540648853
EID_10242,0.14401772965571816
EID_21993,0.2365478041144039
EID_22664,0.3142427856223249
EID_1919,0.20233881922927777
EID_11629,0.34025328228167273
EID_6840,0.18453535659628165
EID_25493,0.17951172887082223
EID_14968,0.24411210483712653
EID_25313,0.12449453965993898
EID_8035,0.20207444625589777
EID_8969,0.31383098082345257
EID_15223,0.12892486841662196
EID_6266,0.22816820838928623
EID_8184,0.21803582863239995
EID_19480,0.30123682009110825
EID_19076,0.215559690314093
EID_16339,0.22831202589766203
EID_7963,0.15738442060847033
EID_17427,0.12282870493307389
EID_12641,0.1998965001340267
EID_4122,0.19878147698800475
EID_23659,0.2871697967327428
EID_13486,0.3643251728701969
EID_18423,0.2094588463811929
EID_2181,0.23488893590510118
EID_25490,0.18704340560865468
EID_9211,0.2072301520112222
EID_5237,0.2339025649736508
EID_2418,0.24431713221047485
EID_17716,0.13642085309130209
EID_13837,0.25156342711126645
EID_2840,0.22751511235888097
EID_13004,0.22311804087884787
EID_14429,0.195621076697202
EID_18915,0.2945794284587398
EID_22415,0.22251397500041398
EID_4304,0.17262269582565376
EID_10753,0.20952352119416318
EID_22612,0.30461022747952365
EID_1857,0.20691729364838776
EID_3566,0.2309251697944678
EID_8545,0.12418074055006081
EID_21685,0.2546827290842068
EID_9946,0.2554537202846875
EID_20447,0.17368418737673785
EID_3887,0.22360397056456868
EID_8351,0.20950883920276747
EID_23889,0.28290584954399356
EID_8248,0.21970198352863585
EID_16621,0.2478000248185114
EID_25138,0.23699864453476438
EID_10004,0.1725384023425312
EID_5522,0.21638971046537253
EID_23416,0.19066855788920326
EID_14897,0.27229160989978934
EID_10840,0.07262641659438211
EID_21716,0.20407564368561487
EID_18484,0.280175980700552
EID_7402,0.15113372518781212
EID_24854,0.20919776058372763
EID_1610,0.2680251575515594
EID_17592,0.05339240141291771
EID_22128,0.27220439339138625
EID_17304,0.15148946920740414
EID_1508,0.33675162517615065
EID_20492,0.17543535808848723
EID_2324,0.3012843529079764
EID_17093,0.15988805308485327
EID_23356,0.18655208838928175
EID_17895,0.16977702549554122
EID_8186,0.15124485100166754
EID_19358,0.3313348011378855
EID_6030,0.23321032324021795
EID_17457,0.0553207415793789
EID_14976,0.19539977051773608
EID_8914,0.18650376332441407
EID_5721,0.188848072079272
EID_11266,0.2702697875990784
EID_17012,0.18641128555004602
EID_7554,0.1175388912323437
EID_3087,0.15829808196796263
EID_19716,0.17251350237894633
EID_21723,0.3257287011248464
EID_13072,0.42968482390513785
EID_9776,0.2508328214586393
EID_25927,0.24159746481608213
EID_5593,0.1917776778235199
EID_13954,0.2710013767403359
EID_16034,0.38815244417725
EID_1719,0.17767344186530132
EID_23054,0.26263354922293647
EID_15591,0.10917175448591387
EID_5178,0.256902251849739
EID_24346,0.1922939386280072
EID_21264,0.15993263808648664
EID_3292,0.28266903163508045
EID_14975,0.32728420447219686
EID_9165,0.21620168646497964
EID_23369,0.28716021140072756
EID_18767,0.11907444966135723
EID_10153,0.1749402909283412
EID_2542,0.2682965270559817
EID_23826,0.3092207324906972
EID_20391,0.16615059235246188
EID_8633,0.19291871491010398
EID_5875,0.16462104113037115
EID_12699,0.21046860409055726
EID_12982,0.10548766999274173
EID_16392,0.1517281790668946
EID_8185,0.2322888229226298
EID_15462,0.14748177699076861
EID_4853,0.2427444720564708
EID_17622,0.22171890074031497
EID_23074,0.23604455269556912
EID_6390,0.4959933681197813
EID_24539,0.1432051039547501
EID_12963,0.20270114419784144
EID_8649,0.2898313343421961
EID_11810,0.27096190234552614
EID_3598,0.12848698632090236
EID_13511,0.2026713883446839
EID_16014,0.2631717512007923
EID_24791,0.27327548911650484
EID_3417,0.206424456768949
EID_24668,0.13258648202818074
EID_4508,0.17489300372926925
EID_25150,0.21774534180091726
EID_25934,0.20351170168710642
EID_6308,0.21515234661913007
EID_10508,0.1720587853060749
EID_18724,0.2145106636867549
EID_10536,0.11579657391144758
EID_18738,0.2123565537857653
EID_15949,0.23429471308568128
EID_20722,0.2099146432492262
EID_14963,0.1828874966172052
EID_6682,0.16022544921540702
EID_8365,0.24930869028884953
EID_17999,0.347060691246123
EID_24499,0.30827299311578826
EID_20389,0.1513940912190107
EID_12123,0.1979094735158954
EID_19203,0.29153879408222283
EID_3538,0.2199188003884655
EID_19811,0.2649075347813716
EID_11473,0.2439899504921703
EID_3032,0.26276891192913204
EID_8419,0.15462218674364953
EID_9052,0.205893307351421
EID_15837,0.25606966701066625
EID_6644,0.15010311715549732
EID_16894,0.13876087516196045
EID_10552,0.19270826383753248
EID_14750,0.24207174263203546
EID_16659,0.2513602226828286
EID_4472,0.2782002412865435
EID_4076,0.2460385056510059
EID_5163,0.18720718768322686
EID_25923,0.35295125534975724
EID_24806,0.17032781359362978
EID_3742,0.27324586466859585
EID_19722,0.33461494302774436
EID_18033,0.20627742500034918
EID_16718,0.28143028643037027
EID_13182,0.2858655791893745
EID_23021,0.13515007399536913
EID_20329,0.22193596806834015
EID_8770,0.15237939378703527
EID_11234,0.12439658588674615
EID_18881,0.15558169089936488
EID_1365,0.3095021522750874
EID_19318,0.31056258970477013
EID_19343,0.21126255149700662
EID_4435,0.2869711045544131
EID_22102,0.16851267486709734
EID_24095,0.2562582458357052
EID_9897,0.22041629429391937
EID_21635,0.1497228849780227
EID_16514,0.22650975848332647
EID_1997,0.19143637406325506
EID_10324,0.34262153201551515
EID_6487,0.2308210816028686
EID_21197,0.19322998172477865
EID_19082,0.18238169223243342
EID_17562,0.1494700746254683
EID_8738,0.24384731466947285
EID_13687,0.19556881888876093
EID_19572,0.15727606161763968
EID_24909,0.22367007290215096
EID_21814,0.1617977516797174
EID_12083,0.3743514000687109
EID_25919,0.1732684673875154
EID_19140,0.08249195802468523
EID_23924,0.2775133222117593
EID_1208,0.30984303042799555
EID_18170,0.3065222953456402
EID_18699,0.3010473965368491
EID_1318,0.2727889653245789
EID_14941,0.09892508146705953
EID_6540,0.1923693090530087
EID_20936,0.26102251529560494
EID_9705,0.20428539792837888
EID_24181,0.22587249708133403
EID_22138,0.21712358280006583
EID_23044,0.16651085061383628
EID_9038,0.15510890337367766
EID_3247,0.24830463439347616
EID_19630,0.2768028743083738
EID_8655,0.19134463774229296
EID_10423,0.24147319457391134
EID_3946,0.2370808687473564
EID_16512,0.1316960577284191
EID_12473,0.2540829682785678
EID_11571,0.2231053181234967
EID_14381,0.21127264932779438
EID_12675,0.19963750338120145
EID_1930,0.18636843563637057
EID_20155,0.2242108645757401
EID_22902,0.15024423344999732
EID_24145,0.3569130086508794
EID_5342,0.20457238108075096
EID_8334,0.19246589568772102
EID_25708,0.1569337333060724
EID_19991,0.20822470808949486
EID_5499,0.22119692688813014
EID_5953,0.1928905545097483
EID_7444,0.31169307881511027
EID_6218,0.19253968090155005
EID_12891,0.18187834313047638
EID_16456,0.34523841332963523
EID_20256,0.1948801436536363
EID_9959,0.2751421602344249
EID_8845,0.14325080906185597
EID_1662,0.22175176569567992
EID_8739,0.305952380440339
EID_20695,0.1270111158928714
EID_19446,0.21651345484445977
EID_12441,0.33380454693999323
EID_13066,0.2850522945048353
EID_8911,0.1283619193548783
EID_22200,0.19756008412496068
EID_9689,0.197910172175982
EID_1668,0.2695428073225403
EID_8120,0.19968240166275492
EID_22777,0.2762706744041512
EID_19141,0.17797139489500385
EID_22674,0.2041494112619504
EID_16121,0.25207312027317796
EID_14662,0.2659613927173169
EID_23290,0.20467734582165956
EID_20144,0.164976493570366
EID_23052,0.1479207677723061
EID_25575,0.17041054945197667
EID_23724,0.19305262477831617
EID_14759,0.23839217582890768
EID_25209,0.15097169929685816
EID_17753,0.27319802259474196
EID_4693,0.17098594512904597
EID_17284,0.28550939047941176
EID_9131,0.1661773669148051
EID_24625,0.2783290643813091
EID_24912,0.4164710426416984
EID_19612,0.20388719188062063
EID_9147,0.23301303791924438
EID_6891,0.17647373175414538
EID_10639,0.3901582856311851
EID_5880,0.23990843401358367
EID_22547,0.23929064053347388
EID_10066,0.16104312289645004
EID_7126,0.19206340396324742
EID_4929,0.18055208920228646
EID_24750,0.15814723668273192
